employee_id,employee_number,name,location_id,role,contract,weekly_hours,started,left
E-204,700184,"Priya Raman",B-17,checkout,permanent,37.5,2019-05-13,
E-311,700185,"Tomas Bihari",B-17,checkout,permanent,30,2021-09-06,
E-118,700186,"Aoife Brennan",B-17,store-manager,permanent,40,2015-02-02,
E-247,700191,"Marcus Ellery",B-17,section-lead,permanent,37.5,2020-11-16,
E-402,700203,"Nadia Oyelaran",B-17,goods-in,permanent,37.5,2022-03-28,
E-455,700214,"Callum Frayne",B-17,night-replen,casual,16,2024-01-15,
E-129,700188,"Ruth Adeyemi",B-08,store-manager,permanent,40,2016-08-01,
E-283,700195,"Piotr Zielinski",B-08,stock,permanent,37.5,2020-06-22,
E-338,700199,"Hana Kowalczyk",B-08,customer-service,fixed-term,24,2025-04-07,
E-091,700177,"Derek Mwangi",B-08,section-lead,permanent,37.5,2018-01-09,2026-05-29
E-506,700221,"Iona Fairbairn",B-09,deputy-manager,permanent,37.5,2021-02-15,
E-517,700224,"Samir Qureshi",B-09,checkout,casual,12,2025-10-06,
E-533,700229,"Grace Lindqvist",B-04,store-manager,permanent,40,2019-04-08,
E-548,700233,"Owen Tremayne",B-04,stock,casual,8,2026-06-01,
E-561,700238,"Bea Nkemdirim",B-02,checkout,permanent,30,2022-11-23,
E-574,700242,"Lars Petersen",B-01,deputy-manager,permanent,37.5,2022-02-01,
E-588,700247,"Yusuf Abadi",B-01,customer-service,fixed-term,20,2026-02-16,
E-701,700261,"Elena Marchetti",HQ,analyst,permanent,37.5,2023-07-10,
E-712,700264,"Joseph Okonkwo",HQ,data-engineer,permanent,37.5,2022-05-30,
E-728,700270,"Mei Sandoval",HQ,analyst,fixed-term,30,2026-01-05,
E-800,700300,"Wren Fenwick",B-17,stock,fixed-term,30,2021-07-11,
E-801,700301,"Jonas Duarte",B-17,section-lead,permanent,37.5,2022-08-19,
E-802,700302,"Yusra Ekwueme",B-17,section-lead,fixed-term,37.5,2024-04-21,
E-803,700303,"Jonas Garrido",B-17,checkout,fixed-term,24,2023-08-28,2026-04-19
E-804,700304,"Dev Beckett",B-17,goods-in,permanent,16,2025-06-01,
E-805,700305,"Chloe Fenwick",B-17,section-lead,permanent,12,2022-06-02,
E-806,700306,"Dev Rashid",B-17,goods-in,casual,37.5,2025-05-24,2026-04-16
E-807,700307,"Kira Rashid",B-17,customer-service,permanent,12,2021-02-02,
E-808,700308,"Pia Ortiz",B-17,section-lead,fixed-term,12,2024-09-22,
E-809,700309,"Rosa Slater",B-17,goods-in,fixed-term,30,2021-05-05,
E-810,700310,"Hugo Rashid",B-17,checkout,permanent,37.5,2022-03-09,
E-811,700311,"Femi Ashford",B-17,section-lead,casual,24,2023-04-26,
E-812,700312,"Amara Garrido",B-17,night-replen,fixed-term,12,2023-10-29,
E-813,700313,"Rosa Rashid",B-17,stock,fixed-term,37.5,2025-05-19,
E-814,700314,"Vera Fenwick",B-17,customer-service,fixed-term,37.5,2024-07-26,
E-815,700315,"Ines Ortiz",B-17,goods-in,casual,37.5,2023-07-28,2026-04-13
E-816,700316,"Ines Kestrel",B-17,checkout,fixed-term,12,2021-12-07,
E-817,700317,"Ines Jarrett",B-17,goods-in,permanent,16,2021-07-28,
E-818,700318,"Liam Ekwueme",B-17,customer-service,casual,30,2025-04-24,
E-819,700319,"Kira Duarte",B-17,section-lead,fixed-term,37.5,2025-12-12,
E-820,700320,"Greta Haldane",B-17,stock,fixed-term,16,2021-07-25,
E-821,700321,"Greta Ashford",B-17,stock,permanent,37.5,2025-11-08,
E-822,700322,"Yusra Carvalho",B-17,night-replen,permanent,37.5,2025-09-04,
E-823,700323,"Amara Jarrett",B-17,section-lead,permanent,30,2021-02-10,
E-824,700324,"Yusra Slater",B-17,customer-service,fixed-term,24,2021-02-14,
E-825,700325,"Zane Ashford",B-17,customer-service,permanent,37.5,2025-04-28,
E-826,700326,"Hugo Ekwueme",B-17,goods-in,fixed-term,12,2024-02-09,
E-827,700327,"Ben Beckett",B-17,section-lead,permanent,24,2022-11-12,
E-828,700328,"Ines Garrido",B-17,goods-in,casual,24,2023-09-10,
E-829,700329,"Amara Ekwueme",B-17,goods-in,permanent,12,2020-11-30,
E-830,700330,"Pia Novak",B-17,section-lead,permanent,24,2022-11-02,
E-831,700331,"Ines Ortiz",B-17,stock,casual,12,2022-06-27,
E-832,700332,"Jonas Pemberton",B-17,stock,permanent,30,2023-02-02,
E-833,700333,"Tara Ibarra",B-17,customer-service,permanent,37.5,2021-12-23,
E-834,700334,"Wren Haldane",B-17,checkout,casual,37.5,2023-03-21,2026-04-05
E-835,700335,"Maya Ortiz",B-17,checkout,permanent,37.5,2022-12-03,
E-836,700336,"Ines Kestrel",B-17,night-replen,casual,12,2022-09-30,
E-837,700337,"Esme Garrido",B-17,customer-service,permanent,12,2023-07-02,
E-838,700338,"Zane Rashid",B-17,checkout,permanent,37.5,2024-12-04,
E-839,700339,"Dev Jarrett",B-17,night-replen,permanent,16,2023-06-20,
E-840,700340,"Ben Jarrett",B-17,stock,fixed-term,24,2023-05-02,
E-841,700341,"Greta Novak",B-17,night-replen,fixed-term,30,2022-08-18,
E-842,700342,"Maya Novak",B-17,goods-in,casual,12,2025-12-17,2026-04-16
E-843,700343,"Tara Quirke",B-17,customer-service,permanent,24,2021-01-23,2026-04-19
E-844,700344,"Ines Rashid",B-17,goods-in,permanent,37.5,2024-02-17,
E-845,700345,"Pia Pemberton",B-17,customer-service,fixed-term,37.5,2021-08-07,
E-846,700346,"Dev Ortiz",B-17,goods-in,fixed-term,24,2022-04-03,2026-04-10
E-847,700347,"Wren Kestrel",B-17,checkout,permanent,24,2023-09-26,
E-848,700348,"Uzo Duarte",B-17,checkout,fixed-term,24,2023-06-10,
E-849,700349,"Vera Ibarra",B-17,section-lead,permanent,30,2021-12-31,
E-850,700350,"Maya Lindgren",B-17,checkout,casual,12,2025-05-25,
E-851,700351,"Wren Duarte",B-17,goods-in,permanent,37.5,2023-01-28,
E-852,700352,"Ines Kestrel",B-17,night-replen,permanent,12,2023-04-28,
E-853,700353,"Chloe Pemberton",B-17,section-lead,fixed-term,12,2022-10-11,
E-854,700354,"Yusra Jarrett",B-17,checkout,permanent,30,2023-12-11,
E-855,700355,"Vera Kestrel",B-17,section-lead,casual,37.5,2025-07-21,
E-856,700356,"Uzo Slater",B-17,checkout,fixed-term,16,2021-09-07,
E-857,700357,"Greta Ashford",B-17,stock,permanent,37.5,2026-02-12,
E-858,700358,"Niall Quirke",B-17,night-replen,casual,24,2025-07-11,
E-859,700359,"Wren Ortiz",B-17,customer-service,casual,24,2024-03-12,
E-860,700360,"Hugo Carvalho",B-17,night-replen,fixed-term,30,2022-09-16,2026-04-11
E-861,700361,"Rosa Ortiz",B-17,goods-in,fixed-term,12,2020-10-11,
E-862,700362,"Amara Kestrel",B-17,section-lead,casual,37.5,2025-07-07,
E-863,700363,"Ola Ibarra",B-17,section-lead,fixed-term,24,2025-02-08,
E-864,700364,"Ines Ekwueme",B-17,night-replen,casual,37.5,2021-12-26,
E-865,700365,"Ola Haldane",B-17,goods-in,permanent,30,2023-04-08,
E-866,700366,"Vera Kestrel",B-17,stock,casual,37.5,2025-03-05,
E-867,700367,"Zane Jarrett",B-17,goods-in,permanent,12,2023-08-15,2026-04-05
E-868,700368,"Ola Jarrett",B-17,night-replen,casual,16,2025-01-03,
E-869,700369,"Ines Beckett",B-17,goods-in,fixed-term,12,2022-06-27,
E-870,700370,"Greta Duarte",B-17,night-replen,casual,30,2025-10-12,
E-871,700371,"Ines Ashford",B-17,goods-in,fixed-term,24,2024-07-25,
E-872,700372,"Ben Kestrel",B-17,stock,casual,16,2023-08-03,
E-873,700373,"Maya Novak",B-17,customer-service,permanent,12,2023-05-04,
E-874,700374,"Amara Kestrel",B-17,goods-in,casual,12,2021-08-26,
E-875,700375,"Femi Quirke",B-17,night-replen,permanent,12,2022-10-05,
E-876,700376,"Amara Ortiz",B-17,checkout,permanent,12,2024-06-14,
E-877,700377,"Vera Rashid",B-17,goods-in,permanent,12,2021-06-12,
E-878,700378,"Hugo Carvalho",B-08,goods-in,permanent,37.5,2022-06-26,
E-879,700379,"Niall Rashid",B-08,customer-service,casual,16,2025-02-16,
E-880,700380,"Vera Haldane",B-08,stock,permanent,16,2025-03-25,
E-881,700381,"Ben Quirke",B-08,customer-service,fixed-term,30,2021-04-21,
E-882,700382,"Kira Duarte",B-08,checkout,permanent,30,2024-01-26,
E-883,700383,"Amara Beckett",B-08,checkout,casual,37.5,2020-12-24,
E-884,700384,"Pia Rashid",B-08,goods-in,permanent,12,2021-03-07,
E-885,700385,"Ines Jarrett",B-08,night-replen,permanent,12,2024-07-18,
E-886,700386,"Maya Ortiz",B-08,goods-in,fixed-term,16,2023-02-11,
E-887,700387,"Zane Duarte",B-08,section-lead,permanent,37.5,2023-10-12,
E-888,700388,"Liam Ibarra",B-08,customer-service,casual,37.5,2025-01-23,
E-889,700389,"Dev Ibarra",B-08,stock,permanent,16,2023-05-31,
E-890,700390,"Esme Garrido",B-08,checkout,permanent,37.5,2023-08-10,
E-891,700391,"Yusra Fenwick",B-08,checkout,fixed-term,37.5,2021-10-06,
E-892,700392,"Tara Quirke",B-08,section-lead,casual,16,2024-09-29,
E-893,700393,"Greta Ekwueme",B-08,customer-service,permanent,30,2024-12-03,
E-894,700394,"Dev Slater",B-08,night-replen,permanent,37.5,2022-06-03,
E-895,700395,"Kira Ibarra",B-08,customer-service,casual,37.5,2024-08-26,
E-896,700396,"Ola Kestrel",B-08,stock,permanent,24,2023-03-19,
E-897,700397,"Liam Lindgren",B-08,stock,fixed-term,37.5,2026-01-27,
E-898,700398,"Greta Garrido",B-08,customer-service,permanent,24,2022-05-10,
E-899,700399,"Niall Pemberton",B-08,stock,permanent,37.5,2022-10-09,
E-900,700400,"Jonas Pemberton",B-08,stock,fixed-term,12,2022-02-07,
E-901,700401,"Hugo Novak",B-08,customer-service,fixed-term,37.5,2021-11-19,
E-902,700402,"Yusra Pemberton",B-08,section-lead,permanent,12,2024-11-21,
E-903,700403,"Amara Lindgren",B-08,customer-service,fixed-term,24,2023-03-03,
E-904,700404,"Chloe Quirke",B-08,customer-service,casual,37.5,2022-08-07,2026-04-19
E-905,700405,"Uzo Novak",B-08,goods-in,permanent,16,2023-01-12,2026-04-16
E-906,700406,"Yusra Haldane",B-08,checkout,casual,16,2023-11-24,
E-907,700407,"Ola Slater",B-08,stock,casual,24,2023-10-11,
E-908,700408,"Ines Rashid",B-08,stock,permanent,30,2025-02-15,
E-909,700409,"Pia Lindgren",B-08,customer-service,casual,24,2025-08-29,
E-910,700410,"Femi Jarrett",B-08,stock,casual,30,2023-12-18,2026-04-08
E-911,700411,"Amara Slater",B-08,goods-in,permanent,12,2025-02-21,
E-912,700412,"Chloe Jarrett",B-08,customer-service,casual,16,2023-03-13,
E-913,700413,"Femi Beckett",B-08,section-lead,fixed-term,24,2023-10-13,
E-914,700414,"Zane Jarrett",B-08,stock,casual,16,2024-03-17,
E-915,700415,"Rosa Quirke",B-08,stock,permanent,37.5,2025-03-11,
E-916,700416,"Liam Ortiz",B-08,goods-in,permanent,37.5,2023-08-23,
E-917,700417,"Greta Beckett",B-08,checkout,permanent,37.5,2022-11-08,
E-918,700418,"Rosa Pemberton",B-08,goods-in,permanent,16,2023-11-27,
E-919,700419,"Jonas Duarte",B-08,checkout,permanent,37.5,2024-02-24,
E-920,700420,"Ben Ibarra",B-08,section-lead,permanent,30,2022-11-23,
E-921,700421,"Rosa Carvalho",B-08,stock,permanent,37.5,2021-07-05,
E-922,700422,"Ola Garrido",B-08,goods-in,casual,12,2022-07-10,
E-923,700423,"Ines Pemberton",B-08,checkout,fixed-term,37.5,2024-10-17,
E-924,700424,"Greta Jarrett",B-08,goods-in,permanent,12,2024-05-27,
E-925,700425,"Amara Beckett",B-08,stock,permanent,37.5,2024-11-21,
E-926,700426,"Kira Carvalho",B-08,section-lead,permanent,37.5,2023-08-10,
E-927,700427,"Dev Ibarra",B-08,customer-service,permanent,30,2023-10-22,
E-928,700428,"Ines Garrido",B-08,night-replen,permanent,16,2024-12-14,
E-929,700429,"Ines Lindgren",B-08,night-replen,casual,12,2021-07-30,
E-930,700430,"Femi Duarte",B-08,customer-service,permanent,12,2021-08-03,
E-931,700431,"Dev Haldane",B-08,night-replen,casual,30,2022-11-09,2026-04-05
E-932,700432,"Uzo Ekwueme",B-08,checkout,casual,24,2021-05-18,2026-04-18
E-933,700433,"Liam Duarte",B-08,checkout,fixed-term,12,2024-04-17,2026-04-15
E-934,700434,"Jonas Ekwueme",B-08,goods-in,casual,24,2020-12-30,
E-935,700435,"Tara Carvalho",B-09,checkout,permanent,37.5,2022-02-14,
E-936,700436,"Kira Kestrel",B-09,night-replen,permanent,30,2024-12-18,
E-937,700437,"Yusra Jarrett",B-09,section-lead,permanent,16,2025-03-29,
E-938,700438,"Tara Kestrel",B-09,section-lead,permanent,16,2025-03-05,
E-939,700439,"Amara Beckett",B-09,section-lead,permanent,24,2020-12-23,2026-04-11
E-940,700440,"Femi Lindgren",B-09,checkout,permanent,16,2026-01-18,
E-941,700441,"Kira Ibarra",B-09,checkout,permanent,24,2021-01-30,
E-942,700442,"Ola Garrido",B-09,section-lead,casual,12,2024-12-15,
E-943,700443,"Ola Ekwueme",B-09,night-replen,permanent,12,2025-08-07,
E-944,700444,"Rosa Quirke",B-09,customer-service,fixed-term,16,2025-03-20,
E-945,700445,"Zane Ibarra",B-09,stock,permanent,37.5,2023-01-28,
E-946,700446,"Kira Novak",B-09,customer-service,permanent,37.5,2025-10-22,
E-947,700447,"Zane Pemberton",B-09,checkout,permanent,30,2021-09-03,
E-948,700448,"Pia Ortiz",B-09,stock,fixed-term,30,2022-07-02,
E-949,700449,"Ola Novak",B-09,customer-service,fixed-term,37.5,2024-02-21,
E-950,700450,"Dev Rashid",B-09,section-lead,permanent,37.5,2025-07-13,
E-951,700451,"Niall Ekwueme",B-09,section-lead,permanent,37.5,2026-01-19,
E-952,700452,"Sami Garrido",B-09,checkout,permanent,37.5,2024-08-25,
E-953,700453,"Ines Rashid",B-09,goods-in,fixed-term,37.5,2026-03-02,
E-954,700454,"Ines Duarte",B-09,stock,permanent,30,2020-12-22,
E-955,700455,"Ben Fenwick",B-09,customer-service,fixed-term,24,2021-11-15,
E-956,700456,"Ines Jarrett",B-09,section-lead,permanent,30,2023-08-16,
E-957,700457,"Amara Slater",B-09,section-lead,fixed-term,37.5,2024-11-08,
E-958,700458,"Wren Novak",B-09,customer-service,permanent,12,2022-06-10,
E-959,700459,"Yusra Haldane",B-09,section-lead,permanent,37.5,2024-07-05,
E-960,700460,"Hugo Kestrel",B-09,customer-service,fixed-term,12,2024-10-11,
E-961,700461,"Femi Kestrel",B-09,customer-service,casual,16,2022-09-20,
E-962,700462,"Pia Garrido",B-09,stock,permanent,16,2023-04-10,2026-04-16
E-963,700463,"Uzo Carvalho",B-09,stock,fixed-term,37.5,2023-11-23,
E-964,700464,"Pia Fenwick",B-09,section-lead,permanent,37.5,2021-06-19,
E-965,700465,"Esme Haldane",B-09,night-replen,casual,37.5,2021-12-03,2026-04-07
E-966,700466,"Femi Kestrel",B-04,goods-in,permanent,12,2025-07-25,
E-967,700467,"Jonas Ekwueme",B-04,goods-in,permanent,37.5,2025-10-22,
E-968,700468,"Ben Ekwueme",B-04,customer-service,permanent,37.5,2024-12-05,
E-969,700469,"Femi Lindgren",B-04,checkout,fixed-term,24,2025-04-02,
E-970,700470,"Jonas Jarrett",B-04,customer-service,permanent,12,2020-11-20,
E-971,700471,"Uzo Ortiz",B-04,customer-service,permanent,37.5,2022-08-21,
E-972,700472,"Ola Kestrel",B-04,night-replen,casual,16,2021-02-22,
E-973,700473,"Chloe Beckett",B-04,checkout,casual,16,2024-06-22,
E-974,700474,"Ines Pemberton",B-04,night-replen,casual,37.5,2021-08-20,
E-975,700475,"Uzo Carvalho",B-04,section-lead,permanent,37.5,2022-12-26,
E-976,700476,"Ben Lindgren",B-04,checkout,permanent,12,2025-02-17,2026-04-11
E-977,700477,"Greta Beckett",B-04,checkout,permanent,30,2024-04-29,
E-978,700478,"Kira Lindgren",B-04,goods-in,permanent,30,2025-11-10,
E-979,700479,"Femi Ibarra",B-04,checkout,permanent,37.5,2025-04-29,
E-980,700480,"Liam Duarte",B-04,stock,casual,24,2022-03-24,
E-981,700481,"Tara Haldane",B-04,stock,casual,37.5,2022-02-27,
E-982,700482,"Amara Ortiz",B-04,checkout,casual,24,2025-11-15,
E-983,700483,"Chloe Jarrett",B-04,night-replen,fixed-term,37.5,2021-01-29,
E-984,700484,"Ben Ibarra",B-04,section-lead,casual,12,2022-08-01,
E-985,700485,"Femi Garrido",B-04,section-lead,fixed-term,12,2026-01-27,
E-986,700486,"Ines Ashford",B-04,section-lead,permanent,12,2023-01-08,2026-04-17
E-987,700487,"Chloe Carvalho",B-04,night-replen,casual,16,2024-11-29,
E-988,700488,"Tara Haldane",B-02,stock,fixed-term,24,2025-10-11,
E-989,700489,"Amara Ashford",B-02,checkout,permanent,16,2024-04-15,
E-990,700490,"Maya Garrido",B-02,checkout,casual,16,2021-05-13,
E-991,700491,"Pia Jarrett",B-02,section-lead,casual,30,2022-01-25,
E-992,700492,"Liam Novak",B-02,goods-in,casual,12,2023-03-11,
E-993,700493,"Rosa Garrido",B-02,customer-service,fixed-term,37.5,2025-04-06,
E-994,700494,"Esme Haldane",B-02,goods-in,casual,16,2022-04-29,
E-995,700495,"Sami Haldane",B-02,customer-service,permanent,37.5,2024-01-16,
E-996,700496,"Amara Fenwick",B-02,checkout,permanent,37.5,2024-08-05,
E-997,700497,"Ines Ashford",B-02,customer-service,fixed-term,16,2025-05-24,
E-998,700498,"Rosa Rashid",B-02,night-replen,permanent,30,2024-01-22,
E-999,700499,"Wren Garrido",B-01,customer-service,fixed-term,12,2021-05-25,
E-1000,700500,"Chloe Rashid",B-01,night-replen,casual,12,2022-12-04,
E-1001,700501,"Zane Ashford",B-01,section-lead,permanent,24,2025-04-14,
E-1002,700502,"Sami Novak",B-01,customer-service,fixed-term,37.5,2022-12-14,
E-1003,700503,"Ola Carvalho",B-01,stock,permanent,24,2025-04-11,
E-1004,700504,"Ben Ashford",B-01,checkout,casual,30,2023-09-22,
E-1005,700505,"Amara Ortiz",B-01,customer-service,fixed-term,37.5,2021-01-13,
E-1006,700506,"Ola Rashid",B-20,goods-in,fixed-term,12,2021-04-27,
E-1007,700507,"Vera Quirke",B-20,customer-service,permanent,37.5,2023-01-26,
E-1008,700508,"Tara Carvalho",B-20,night-replen,casual,37.5,2021-10-16,
E-1009,700509,"Liam Novak",B-20,goods-in,fixed-term,30,2023-10-26,
E-1010,700510,"Jonas Garrido",B-20,checkout,permanent,37.5,2020-11-05,
E-1011,700511,"Rosa Pemberton",B-20,goods-in,fixed-term,12,2026-01-14,
E-1012,700512,"Dev Garrido",B-20,checkout,permanent,24,2023-11-18,
E-1013,700513,"Liam Ibarra",B-20,goods-in,permanent,12,2021-10-02,
E-1014,700514,"Zane Rashid",B-20,customer-service,permanent,12,2022-10-04,
E-1015,700515,"Ben Ashford",B-20,section-lead,permanent,37.5,2023-05-28,
E-1016,700516,"Hugo Beckett",B-20,stock,fixed-term,12,2025-09-02,
E-1017,700517,"Sami Quirke",B-20,section-lead,permanent,37.5,2022-10-21,
E-1018,700518,"Ben Garrido",B-20,stock,permanent,16,2022-12-27,
E-1019,700519,"Sami Pemberton",B-20,section-lead,fixed-term,30,2021-09-08,
E-1020,700520,"Ola Novak",B-20,night-replen,casual,24,2021-09-01,
E-1021,700521,"Niall Ortiz",B-20,customer-service,casual,12,2022-12-27,
E-1022,700522,"Ines Beckett",B-20,goods-in,permanent,30,2025-12-29,
E-1023,700523,"Ben Beckett",B-20,stock,permanent,37.5,2021-07-12,2026-04-06
E-1024,700524,"Chloe Lindgren",B-20,customer-service,fixed-term,30,2021-08-21,
E-1025,700525,"Wren Novak",B-20,goods-in,fixed-term,37.5,2025-05-29,
E-1026,700526,"Yusra Ibarra",B-20,night-replen,permanent,24,2023-08-18,2026-04-08
E-1027,700527,"Niall Kestrel",B-20,section-lead,fixed-term,37.5,2025-03-01,
E-1028,700528,"Ben Ekwueme",B-20,section-lead,permanent,16,2023-01-05,
E-1029,700529,"Rosa Lindgren",B-20,night-replen,casual,37.5,2025-03-08,
E-1030,700530,"Zane Haldane",B-20,section-lead,fixed-term,16,2024-12-08,
E-1031,700531,"Wren Novak",B-20,section-lead,permanent,12,2023-06-26,
E-1032,700532,"Femi Beckett",B-20,stock,casual,24,2021-12-14,
E-1033,700533,"Yusra Quirke",B-20,section-lead,permanent,12,2025-10-29,
E-1034,700534,"Vera Carvalho",B-20,checkout,permanent,37.5,2020-10-12,
E-1035,700535,"Ola Kestrel",B-20,checkout,fixed-term,37.5,2020-10-13,
E-1036,700536,"Ben Jarrett",B-20,goods-in,fixed-term,30,2024-01-10,
E-1037,700537,"Niall Ashford",B-20,night-replen,permanent,12,2025-02-08,
E-1038,700538,"Vera Fenwick",B-20,checkout,permanent,37.5,2021-05-28,
E-1039,700539,"Ben Novak",B-20,customer-service,permanent,16,2023-05-03,
E-1040,700540,"Wren Ekwueme",B-20,stock,permanent,30,2022-11-18,2026-04-15
E-1041,700541,"Kira Beckett",B-20,section-lead,casual,37.5,2023-06-07,
E-1042,700542,"Kira Rashid",B-20,stock,fixed-term,24,2024-04-21,
E-1043,700543,"Ines Haldane",B-20,stock,casual,37.5,2021-08-15,
E-1044,700544,"Wren Novak",B-20,goods-in,casual,12,2020-11-20,
E-1045,700545,"Esme Garrido",B-20,checkout,permanent,37.5,2025-04-09,
E-1046,700546,"Vera Ibarra",B-20,night-replen,fixed-term,12,2022-03-17,2026-04-05
E-1047,700547,"Chloe Duarte",B-20,goods-in,permanent,16,2024-10-10,
E-1048,700548,"Esme Haldane",B-20,night-replen,casual,12,2025-09-19,
E-1049,700549,"Jonas Rashid",B-20,night-replen,fixed-term,12,2024-01-10,
E-1050,700550,"Femi Novak",B-20,customer-service,fixed-term,16,2026-02-20,
E-1051,700551,"Rosa Slater",B-20,stock,fixed-term,30,2025-07-01,
E-1052,700552,"Hugo Pemberton",B-20,customer-service,casual,16,2022-01-24,2026-04-11
E-1053,700553,"Greta Carvalho",B-20,goods-in,fixed-term,37.5,2024-03-21,
E-1054,700554,"Tara Haldane",B-20,section-lead,fixed-term,30,2021-03-31,
E-1055,700555,"Zane Carvalho",B-20,stock,permanent,37.5,2021-07-22,2026-04-13
E-1056,700556,"Kira Haldane",B-20,customer-service,fixed-term,24,2024-06-28,2026-04-12
E-1057,700557,"Ola Novak",B-20,section-lead,permanent,37.5,2025-03-17,2026-04-11
E-1058,700558,"Dev Fenwick",B-20,customer-service,fixed-term,16,2022-01-07,
E-1059,700559,"Chloe Kestrel",B-20,stock,fixed-term,30,2023-06-07,
E-1060,700560,"Uzo Ekwueme",B-20,night-replen,fixed-term,24,2024-07-07,
E-1061,700561,"Niall Beckett",B-20,goods-in,casual,12,2023-08-13,
E-1062,700562,"Amara Pemberton",B-20,section-lead,casual,24,2024-05-21,
E-1063,700563,"Pia Ortiz",B-20,customer-service,casual,30,2024-06-29,
E-1064,700564,"Pia Ashford",B-20,night-replen,fixed-term,16,2023-12-02,
E-1065,700565,"Wren Lindgren",B-21,night-replen,permanent,24,2025-06-29,
E-1066,700566,"Pia Jarrett",B-21,stock,permanent,37.5,2021-10-11,
E-1067,700567,"Dev Kestrel",B-21,stock,permanent,30,2025-01-27,
E-1068,700568,"Maya Garrido",B-21,night-replen,casual,16,2022-08-15,
E-1069,700569,"Esme Ekwueme",B-21,stock,fixed-term,37.5,2023-11-14,
E-1070,700570,"Liam Garrido",B-21,goods-in,permanent,37.5,2023-10-16,
E-1071,700571,"Wren Garrido",B-21,section-lead,permanent,37.5,2024-04-21,
E-1072,700572,"Greta Lindgren",B-21,goods-in,permanent,12,2022-11-07,
E-1073,700573,"Ola Ibarra",B-21,night-replen,fixed-term,16,2024-03-24,
E-1074,700574,"Wren Ibarra",B-21,customer-service,permanent,30,2025-08-22,2026-04-12
E-1075,700575,"Dev Ekwueme",B-21,checkout,casual,24,2025-03-17,
E-1076,700576,"Tara Slater",B-21,night-replen,fixed-term,37.5,2024-10-11,
E-1077,700577,"Amara Quirke",B-21,customer-service,permanent,24,2024-06-07,
E-1078,700578,"Maya Jarrett",B-21,stock,casual,30,2025-06-17,
E-1079,700579,"Ola Garrido",B-21,night-replen,fixed-term,24,2023-12-03,
E-1080,700580,"Liam Fenwick",B-21,stock,permanent,12,2024-06-06,
E-1081,700581,"Kira Quirke",B-21,customer-service,permanent,37.5,2023-06-07,2026-04-15
E-1082,700582,"Dev Ashford",B-21,stock,permanent,24,2024-08-17,
E-1083,700583,"Femi Pemberton",B-21,goods-in,casual,12,2024-12-16,
E-1084,700584,"Liam Slater",B-21,stock,permanent,12,2024-12-16,
E-1085,700585,"Jonas Garrido",B-21,stock,fixed-term,16,2020-12-05,
E-1086,700586,"Hugo Pemberton",B-21,customer-service,fixed-term,30,2025-06-12,
E-1087,700587,"Tara Quirke",B-21,stock,casual,16,2024-04-16,
E-1088,700588,"Vera Pemberton",B-21,stock,permanent,16,2022-10-23,
E-1089,700589,"Greta Quirke",B-21,section-lead,fixed-term,30,2021-02-21,
E-1090,700590,"Kira Beckett",B-21,customer-service,permanent,30,2025-02-28,
E-1091,700591,"Tara Garrido",B-21,section-lead,casual,12,2022-11-05,
E-1092,700592,"Chloe Slater",B-21,stock,casual,37.5,2021-05-28,2026-04-18
E-1093,700593,"Jonas Ekwueme",B-21,section-lead,permanent,37.5,2024-06-29,
E-1094,700594,"Uzo Fenwick",B-21,checkout,permanent,24,2022-06-24,
E-1095,700595,"Femi Quirke",B-21,checkout,casual,24,2023-10-30,
E-1096,700596,"Uzo Quirke",B-21,stock,casual,30,2025-07-03,2026-04-17
E-1097,700597,"Amara Kestrel",B-21,night-replen,fixed-term,12,2023-04-07,
E-1098,700598,"Chloe Haldane",B-21,customer-service,permanent,37.5,2023-10-08,
E-1099,700599,"Yusra Ibarra",B-21,night-replen,permanent,16,2024-09-06,
E-1100,700600,"Kira Quirke",B-21,section-lead,fixed-term,37.5,2025-11-19,
E-1101,700601,"Ben Slater",B-21,stock,permanent,37.5,2020-12-19,
E-1102,700602,"Maya Garrido",B-21,checkout,casual,12,2024-06-15,
E-1103,700603,"Ines Rashid",B-21,goods-in,casual,12,2024-05-31,
E-1104,700604,"Rosa Ashford",B-21,customer-service,permanent,16,2024-10-27,
E-1105,700605,"Uzo Duarte",B-21,checkout,permanent,16,2025-01-20,
E-1106,700606,"Uzo Beckett",B-21,section-lead,permanent,37.5,2021-01-27,
E-1107,700607,"Maya Kestrel",B-21,stock,permanent,37.5,2026-01-19,2026-04-13
E-1108,700608,"Ines Carvalho",B-21,stock,fixed-term,24,2022-12-03,
E-1109,700609,"Rosa Jarrett",B-21,night-replen,permanent,24,2022-11-04,
E-1110,700610,"Yusra Ortiz",B-21,section-lead,fixed-term,37.5,2024-05-22,
E-1111,700611,"Femi Ortiz",B-21,customer-service,fixed-term,24,2022-11-19,
E-1112,700612,"Amara Duarte",B-21,checkout,permanent,16,2025-02-26,
E-1113,700613,"Wren Lindgren",B-21,customer-service,casual,30,2021-09-20,
E-1114,700614,"Wren Garrido",B-21,goods-in,permanent,12,2022-10-01,
E-1115,700615,"Yusra Fenwick",B-21,checkout,permanent,24,2023-11-12,
E-1116,700616,"Femi Rashid",B-21,customer-service,fixed-term,30,2024-11-22,
E-1117,700617,"Tara Fenwick",B-21,checkout,permanent,12,2020-11-19,
E-1118,700618,"Femi Ashford",B-21,goods-in,casual,37.5,2022-01-27,2026-04-11
E-1119,700619,"Maya Rashid",B-21,goods-in,fixed-term,12,2026-01-14,
E-1120,700620,"Kira Ashford",B-21,section-lead,permanent,37.5,2020-11-10,
E-1121,700621,"Kira Ashford",B-21,stock,permanent,37.5,2024-10-23,
E-1122,700622,"Sami Duarte",B-21,goods-in,casual,24,2022-12-05,
E-1123,700623,"Rosa Slater",B-21,checkout,permanent,37.5,2024-04-19,
E-1124,700624,"Vera Ortiz",B-22,night-replen,permanent,12,2023-12-10,
E-1125,700625,"Vera Carvalho",B-22,goods-in,fixed-term,37.5,2023-11-06,
E-1126,700626,"Tara Duarte",B-22,section-lead,fixed-term,24,2025-10-13,
E-1127,700627,"Uzo Rashid",B-22,customer-service,permanent,16,2020-12-20,
E-1128,700628,"Amara Pemberton",B-22,stock,casual,30,2021-08-16,
E-1129,700629,"Vera Ibarra",B-22,goods-in,casual,24,2024-04-28,
E-1130,700630,"Pia Lindgren",B-22,night-replen,fixed-term,30,2021-04-21,
E-1131,700631,"Esme Fenwick",B-22,customer-service,permanent,30,2022-01-18,
E-1132,700632,"Yusra Ashford",B-22,customer-service,permanent,24,2021-11-07,
E-1133,700633,"Tara Kestrel",B-22,stock,fixed-term,16,2022-08-09,
E-1134,700634,"Rosa Quirke",B-22,goods-in,permanent,37.5,2025-01-09,
E-1135,700635,"Liam Fenwick",B-22,section-lead,permanent,12,2022-02-07,
E-1136,700636,"Liam Fenwick",B-22,stock,permanent,24,2021-03-15,
E-1137,700637,"Rosa Kestrel",B-22,customer-service,casual,37.5,2024-11-22,
E-1138,700638,"Vera Ekwueme",B-22,checkout,permanent,37.5,2021-09-23,
E-1139,700639,"Ola Duarte",B-22,section-lead,permanent,37.5,2023-05-01,
E-1140,700640,"Kira Ortiz",B-22,night-replen,permanent,12,2021-09-27,
E-1141,700641,"Kira Ekwueme",B-22,customer-service,casual,16,2020-12-21,2026-04-12
E-1142,700642,"Esme Fenwick",B-22,goods-in,casual,37.5,2024-01-01,
E-1143,700643,"Vera Beckett",B-22,section-lead,fixed-term,30,2025-07-04,
E-1144,700644,"Sami Jarrett",B-22,section-lead,casual,30,2023-09-19,
E-1145,700645,"Niall Slater",B-22,stock,fixed-term,16,2022-07-12,
E-1146,700646,"Tara Rashid",B-22,checkout,fixed-term,37.5,2023-06-21,
E-1147,700647,"Tara Jarrett",B-22,goods-in,permanent,37.5,2022-06-29,
E-1148,700648,"Chloe Haldane",B-22,customer-service,permanent,16,2025-07-20,
E-1149,700649,"Sami Haldane",B-22,checkout,permanent,16,2024-01-29,
E-1150,700650,"Zane Ortiz",B-22,night-replen,fixed-term,30,2025-11-05,
E-1151,700651,"Pia Ashford",B-22,goods-in,permanent,37.5,2023-03-05,2026-04-20
E-1152,700652,"Hugo Rashid",B-22,goods-in,casual,24,2023-01-10,
E-1153,700653,"Rosa Lindgren",B-22,checkout,permanent,37.5,2023-06-04,
E-1154,700654,"Pia Ashford",B-22,goods-in,casual,37.5,2023-10-31,
E-1155,700655,"Hugo Slater",B-22,checkout,permanent,30,2021-01-20,
E-1156,700656,"Wren Ashford",B-22,stock,casual,16,2024-07-22,
E-1157,700657,"Jonas Ashford",B-22,customer-service,fixed-term,24,2025-12-24,
E-1158,700658,"Ola Fenwick",B-22,customer-service,fixed-term,37.5,2022-04-16,
E-1159,700659,"Ines Garrido",B-22,customer-service,permanent,37.5,2023-02-10,
E-1160,700660,"Yusra Jarrett",B-22,checkout,fixed-term,12,2024-10-29,
E-1161,700661,"Yusra Garrido",B-22,goods-in,permanent,30,2025-08-28,
E-1162,700662,"Liam Carvalho",B-22,section-lead,casual,37.5,2023-10-24,
E-1163,700663,"Tara Garrido",B-22,stock,permanent,37.5,2020-12-30,
E-1164,700664,"Kira Jarrett",B-22,goods-in,permanent,16,2020-11-15,
E-1165,700665,"Yusra Rashid",B-22,goods-in,casual,24,2021-02-08,
E-1166,700666,"Ben Beckett",B-22,checkout,fixed-term,12,2023-05-19,
E-1167,700667,"Femi Ashford",B-22,section-lead,permanent,16,2024-11-09,
E-1168,700668,"Dev Beckett",B-22,checkout,casual,16,2024-09-15,2026-04-11
E-1169,700669,"Greta Duarte",B-22,section-lead,permanent,30,2024-08-29,
E-1170,700670,"Vera Duarte",B-22,checkout,permanent,37.5,2020-12-17,
E-1171,700671,"Chloe Jarrett",B-22,section-lead,permanent,37.5,2025-06-15,2026-04-12
E-1172,700672,"Dev Kestrel",B-22,goods-in,permanent,24,2022-05-19,
E-1173,700673,"Yusra Kestrel",B-22,customer-service,permanent,37.5,2024-12-30,
E-1174,700674,"Pia Carvalho",B-22,checkout,fixed-term,30,2025-05-27,
E-1175,700675,"Ines Ortiz",B-22,goods-in,fixed-term,37.5,2022-06-16,
E-1176,700676,"Chloe Garrido",B-22,checkout,permanent,24,2022-12-19,
E-1177,700677,"Rosa Lindgren",B-22,stock,fixed-term,24,2024-05-31,
E-1178,700678,"Greta Duarte",B-22,checkout,permanent,16,2021-04-14,
E-1179,700679,"Yusra Ashford",B-22,customer-service,fixed-term,30,2022-02-13,
E-1180,700680,"Pia Ekwueme",B-22,goods-in,permanent,37.5,2024-10-09,
E-1181,700681,"Esme Pemberton",B-22,stock,permanent,37.5,2021-02-21,
E-1182,700682,"Liam Ortiz",B-22,stock,casual,24,2024-07-28,
E-1183,700683,"Sami Garrido",B-22,stock,fixed-term,12,2022-08-30,
E-1184,700684,"Niall Garrido",B-22,customer-service,permanent,30,2021-01-02,
E-1185,700685,"Niall Haldane",B-22,checkout,permanent,12,2023-11-02,
E-1186,700686,"Yusra Ekwueme",B-22,night-replen,permanent,24,2021-01-27,
E-1187,700687,"Dev Duarte",B-22,section-lead,permanent,16,2023-03-01,
E-1188,700688,"Pia Carvalho",B-22,goods-in,casual,16,2024-02-14,
E-1189,700689,"Niall Garrido",B-22,night-replen,fixed-term,37.5,2022-10-09,
E-1190,700690,"Vera Novak",B-22,night-replen,permanent,16,2021-12-12,
E-1191,700691,"Zane Novak",B-22,goods-in,fixed-term,37.5,2023-04-20,
E-1192,700692,"Amara Carvalho",B-22,customer-service,fixed-term,16,2025-10-26,
E-1193,700693,"Jonas Kestrel",B-23,checkout,fixed-term,24,2022-03-18,
E-1194,700694,"Amara Novak",B-23,night-replen,fixed-term,24,2023-09-13,
E-1195,700695,"Uzo Beckett",B-23,customer-service,permanent,37.5,2023-06-19,
E-1196,700696,"Ines Pemberton",B-23,checkout,fixed-term,24,2022-07-22,
E-1197,700697,"Wren Haldane",B-23,customer-service,permanent,37.5,2025-05-29,
E-1198,700698,"Niall Lindgren",B-23,checkout,casual,37.5,2020-10-11,
E-1199,700699,"Ben Garrido",B-23,section-lead,permanent,37.5,2025-11-21,
E-1200,700700,"Ben Quirke",B-23,checkout,casual,16,2026-02-06,
E-1201,700701,"Yusra Garrido",B-23,section-lead,permanent,30,2025-11-25,
E-1202,700702,"Sami Quirke",B-23,night-replen,permanent,37.5,2024-05-03,
E-1203,700703,"Ola Lindgren",B-23,night-replen,permanent,37.5,2022-12-23,
E-1204,700704,"Femi Ashford",B-23,goods-in,permanent,30,2022-11-14,
E-1205,700705,"Jonas Beckett",B-23,section-lead,casual,24,2023-02-27,
E-1206,700706,"Jonas Novak",B-23,night-replen,permanent,24,2024-03-04,
E-1207,700707,"Amara Garrido",B-23,customer-service,permanent,37.5,2025-07-25,
E-1208,700708,"Niall Fenwick",B-23,stock,casual,16,2026-01-15,
E-1209,700709,"Greta Ortiz",B-23,stock,permanent,24,2025-07-31,
E-1210,700710,"Ben Jarrett",B-23,night-replen,permanent,37.5,2026-01-09,
E-1211,700711,"Tara Ekwueme",B-23,night-replen,casual,12,2026-02-16,
E-1212,700712,"Sami Haldane",B-23,stock,permanent,37.5,2023-06-09,
E-1213,700713,"Zane Garrido",B-23,night-replen,fixed-term,37.5,2025-04-17,
E-1214,700714,"Esme Lindgren",B-23,section-lead,permanent,24,2024-02-15,
E-1215,700715,"Pia Ortiz",B-23,stock,fixed-term,37.5,2023-03-22,
E-1216,700716,"Greta Ibarra",B-23,night-replen,permanent,30,2025-02-15,
E-1217,700717,"Jonas Ekwueme",B-23,goods-in,casual,16,2022-09-27,
E-1218,700718,"Maya Haldane",B-23,customer-service,casual,37.5,2024-06-27,
E-1219,700719,"Ines Slater",B-23,stock,fixed-term,24,2025-01-22,
E-1220,700720,"Chloe Garrido",B-23,night-replen,casual,16,2022-09-02,
E-1221,700721,"Uzo Lindgren",B-23,stock,permanent,37.5,2021-05-20,2026-04-10
E-1222,700722,"Kira Novak",B-23,checkout,permanent,16,2022-09-21,
E-1223,700723,"Ines Ekwueme",B-23,stock,fixed-term,12,2024-05-03,
E-1224,700724,"Kira Ibarra",B-23,section-lead,casual,37.5,2025-02-20,
E-1225,700725,"Jonas Beckett",B-23,checkout,permanent,30,2024-07-28,
E-1226,700726,"Amara Pemberton",B-23,goods-in,permanent,16,2023-12-10,
E-1227,700727,"Jonas Slater",B-23,section-lead,fixed-term,24,2025-11-28,
E-1228,700728,"Liam Haldane",B-23,section-lead,fixed-term,37.5,2025-02-08,
E-1229,700729,"Ola Ashford",B-23,goods-in,permanent,16,2021-07-26,
E-1230,700730,"Jonas Ibarra",B-23,checkout,permanent,24,2022-07-09,
E-1231,700731,"Greta Ibarra",B-23,goods-in,permanent,37.5,2020-11-28,
E-1232,700732,"Maya Ekwueme",B-23,stock,permanent,30,2022-08-13,
E-1233,700733,"Amara Kestrel",B-23,goods-in,permanent,37.5,2023-07-28,
E-1234,700734,"Tara Haldane",B-23,goods-in,permanent,16,2021-01-17,
E-1235,700735,"Pia Quirke",B-23,night-replen,casual,24,2021-12-10,2026-04-20
E-1236,700736,"Greta Ibarra",B-23,stock,fixed-term,37.5,2023-04-04,
E-1237,700737,"Maya Ibarra",B-23,stock,permanent,37.5,2025-11-12,
E-1238,700738,"Sami Lindgren",B-23,stock,permanent,16,2021-06-11,
E-1239,700739,"Ines Carvalho",B-23,section-lead,permanent,37.5,2024-06-11,
E-1240,700740,"Chloe Rashid",B-23,stock,casual,37.5,2022-12-22,
E-1241,700741,"Vera Ashford",B-23,night-replen,permanent,16,2021-02-11,
E-1242,700742,"Ben Garrido",B-23,stock,permanent,30,2021-11-17,
E-1243,700743,"Jonas Duarte",B-23,stock,fixed-term,24,2025-12-02,2026-04-18
E-1244,700744,"Uzo Ekwueme",B-23,night-replen,permanent,30,2025-10-04,
E-1245,700745,"Esme Ortiz",B-23,goods-in,permanent,30,2025-09-22,
E-1246,700746,"Dev Slater",B-23,night-replen,permanent,16,2025-09-06,
E-1247,700747,"Liam Beckett",B-23,night-replen,casual,12,2022-10-14,
E-1248,700748,"Femi Ortiz",B-23,night-replen,fixed-term,16,2024-11-16,
E-1249,700749,"Wren Kestrel",B-23,checkout,permanent,30,2022-09-08,
E-1250,700750,"Uzo Duarte",B-23,stock,permanent,12,2023-05-22,
E-1251,700751,"Vera Slater",B-23,night-replen,permanent,12,2023-05-11,
E-1252,700752,"Chloe Jarrett",B-23,night-replen,casual,37.5,2025-04-10,
E-1253,700753,"Ola Ibarra",B-23,night-replen,fixed-term,30,2025-09-18,2026-04-13
E-1254,700754,"Greta Novak",B-23,customer-service,permanent,12,2023-12-03,
E-1255,700755,"Chloe Haldane",B-23,night-replen,casual,37.5,2021-12-29,
E-1256,700756,"Niall Duarte",B-23,customer-service,permanent,37.5,2026-02-01,
E-1257,700757,"Hugo Slater",B-23,checkout,permanent,30,2021-10-25,
E-1258,700758,"Dev Rashid",B-23,checkout,permanent,37.5,2022-06-24,2026-04-10
E-1259,700759,"Tara Rashid",B-23,checkout,permanent,37.5,2022-06-24,
E-1260,700760,"Liam Kestrel",B-23,customer-service,permanent,37.5,2023-07-03,2026-04-13
E-1261,700761,"Sami Novak",B-23,customer-service,fixed-term,30,2023-03-10,
E-1262,700762,"Niall Ashford",B-23,stock,casual,24,2023-10-20,
E-1263,700763,"Liam Kestrel",B-24,night-replen,fixed-term,30,2022-09-18,
E-1264,700764,"Ben Ashford",B-24,stock,permanent,12,2026-02-04,
E-1265,700765,"Sami Fenwick",B-24,customer-service,fixed-term,16,2022-01-14,
E-1266,700766,"Zane Ibarra",B-24,goods-in,permanent,37.5,2024-03-23,
E-1267,700767,"Rosa Novak",B-24,checkout,casual,37.5,2025-05-24,
E-1268,700768,"Niall Lindgren",B-24,goods-in,permanent,12,2023-08-29,
E-1269,700769,"Ines Quirke",B-24,customer-service,fixed-term,37.5,2021-02-12,
E-1270,700770,"Vera Rashid",B-24,customer-service,permanent,30,2020-10-12,
E-1271,700771,"Tara Ibarra",B-24,night-replen,fixed-term,37.5,2025-02-04,
E-1272,700772,"Tara Garrido",B-24,section-lead,permanent,16,2024-05-23,2026-04-19
E-1273,700773,"Hugo Carvalho",B-24,stock,permanent,12,2025-03-19,
E-1274,700774,"Femi Haldane",B-24,checkout,permanent,37.5,2021-08-24,
E-1275,700775,"Uzo Novak",B-24,night-replen,casual,24,2026-01-15,
E-1276,700776,"Pia Beckett",B-24,customer-service,casual,16,2022-02-28,
E-1277,700777,"Niall Kestrel",B-24,goods-in,permanent,37.5,2023-01-31,
E-1278,700778,"Pia Fenwick",B-24,night-replen,permanent,37.5,2025-11-09,
E-1279,700779,"Vera Kestrel",B-24,night-replen,permanent,37.5,2022-08-27,
E-1280,700780,"Kira Kestrel",B-24,checkout,permanent,37.5,2025-05-09,
E-1281,700781,"Zane Haldane",B-24,stock,casual,37.5,2023-04-07,
E-1282,700782,"Chloe Ashford",B-24,stock,fixed-term,30,2023-06-08,
E-1283,700783,"Rosa Slater",B-24,stock,fixed-term,24,2023-07-02,
E-1284,700784,"Zane Ekwueme",B-24,stock,casual,12,2025-08-13,
E-1285,700785,"Esme Pemberton",B-24,stock,permanent,37.5,2024-08-23,
E-1286,700786,"Zane Carvalho",B-24,goods-in,fixed-term,30,2024-08-22,
E-1287,700787,"Hugo Ortiz",B-24,stock,casual,30,2025-11-24,
E-1288,700788,"Liam Kestrel",B-24,night-replen,fixed-term,24,2022-01-10,
E-1289,700789,"Wren Fenwick",B-24,stock,permanent,37.5,2023-04-19,
E-1290,700790,"Wren Jarrett",B-24,checkout,casual,37.5,2026-02-15,
E-1291,700791,"Hugo Slater",B-24,night-replen,permanent,37.5,2024-01-06,
E-1292,700792,"Chloe Ashford",B-24,section-lead,permanent,37.5,2024-01-15,
E-1293,700793,"Esme Ekwueme",B-24,night-replen,permanent,16,2026-02-28,
E-1294,700794,"Kira Duarte",B-24,checkout,casual,12,2026-02-26,
E-1295,700795,"Jonas Fenwick",B-24,night-replen,fixed-term,37.5,2023-08-07,
E-1296,700796,"Uzo Beckett",B-24,night-replen,fixed-term,30,2023-12-04,
E-1297,700797,"Greta Pemberton",B-24,customer-service,fixed-term,30,2022-11-23,
E-1298,700798,"Rosa Beckett",B-24,customer-service,permanent,16,2023-10-10,
E-1299,700799,"Amara Fenwick",B-24,checkout,permanent,30,2025-02-26,
E-1300,700800,"Esme Fenwick",B-24,customer-service,permanent,37.5,2025-04-20,
E-1301,700801,"Uzo Haldane",B-24,section-lead,fixed-term,30,2024-09-08,
E-1302,700802,"Chloe Jarrett",B-24,night-replen,permanent,37.5,2026-01-21,
E-1303,700803,"Chloe Haldane",B-24,customer-service,fixed-term,30,2023-02-21,
E-1304,700804,"Wren Ortiz",B-24,customer-service,casual,12,2022-02-21,
E-1305,700805,"Pia Slater",B-24,customer-service,permanent,16,2023-12-03,
E-1306,700806,"Sami Quirke",B-24,goods-in,fixed-term,24,2021-10-31,
E-1307,700807,"Liam Jarrett",B-24,stock,fixed-term,37.5,2024-10-21,
E-1308,700808,"Pia Pemberton",B-24,night-replen,casual,37.5,2022-02-03,
E-1309,700809,"Hugo Ashford",B-24,stock,permanent,12,2021-07-17,
E-1310,700810,"Liam Ashford",B-24,stock,permanent,37.5,2022-06-15,
E-1311,700811,"Hugo Haldane",B-24,section-lead,permanent,12,2024-07-09,2026-04-16
E-1312,700812,"Liam Ashford",B-24,goods-in,casual,12,2022-06-01,2026-04-11
E-1313,700813,"Kira Novak",B-24,goods-in,fixed-term,24,2025-09-18,
E-1314,700814,"Kira Ekwueme",B-24,night-replen,permanent,37.5,2021-03-01,
E-1315,700815,"Esme Ibarra",B-24,night-replen,casual,16,2024-10-02,
E-1316,700816,"Sami Fenwick",B-24,stock,permanent,12,2020-11-23,2026-04-18
E-1317,700817,"Jonas Ekwueme",B-24,stock,permanent,16,2024-02-29,
E-1318,700818,"Yusra Duarte",B-24,stock,permanent,37.5,2023-12-25,
E-1319,700819,"Ines Quirke",B-24,checkout,fixed-term,12,2021-11-05,
E-1320,700820,"Esme Carvalho",B-24,checkout,casual,30,2026-02-14,
E-1321,700821,"Chloe Pemberton",B-24,stock,casual,37.5,2021-04-24,
E-1322,700822,"Yusra Beckett",B-24,checkout,casual,30,2021-01-19,
E-1323,700823,"Ben Rashid",B-24,customer-service,casual,12,2025-11-08,
E-1324,700824,"Ola Jarrett",B-24,stock,permanent,12,2025-11-28,
E-1325,700825,"Amara Pemberton",B-24,night-replen,permanent,24,2020-10-22,2026-04-09
E-1326,700826,"Hugo Ashford",B-24,night-replen,fixed-term,30,2021-11-19,
E-1327,700827,"Wren Beckett",B-24,goods-in,permanent,12,2025-12-25,
E-1328,700828,"Greta Beckett",B-24,stock,permanent,12,2025-01-23,
E-1329,700829,"Ben Haldane",B-25,section-lead,casual,16,2020-10-11,
E-1330,700830,"Tara Fenwick",B-25,checkout,casual,37.5,2022-05-26,
E-1331,700831,"Uzo Novak",B-25,checkout,permanent,12,2022-01-21,
E-1332,700832,"Jonas Ibarra",B-25,goods-in,permanent,37.5,2023-07-10,
E-1333,700833,"Kira Carvalho",B-25,checkout,fixed-term,30,2023-10-05,
E-1334,700834,"Dev Kestrel",B-25,night-replen,permanent,37.5,2024-11-26,
E-1335,700835,"Kira Ekwueme",B-25,night-replen,casual,37.5,2026-02-22,
E-1336,700836,"Hugo Jarrett",B-25,checkout,permanent,37.5,2021-08-22,
E-1337,700837,"Jonas Kestrel",B-25,customer-service,casual,37.5,2022-12-16,
E-1338,700838,"Femi Lindgren",B-25,customer-service,casual,12,2023-05-30,
E-1339,700839,"Yusra Ekwueme",B-25,stock,permanent,30,2020-11-16,
E-1340,700840,"Niall Haldane",B-25,night-replen,fixed-term,37.5,2024-05-18,
E-1341,700841,"Femi Slater",B-25,goods-in,permanent,24,2025-11-13,
E-1342,700842,"Ines Duarte",B-25,customer-service,permanent,30,2025-06-01,
E-1343,700843,"Esme Slater",B-25,checkout,fixed-term,37.5,2024-12-07,
E-1344,700844,"Maya Fenwick",B-25,checkout,casual,30,2023-08-14,
E-1345,700845,"Ines Haldane",B-25,goods-in,casual,16,2021-07-10,
E-1346,700846,"Amara Ibarra",B-25,goods-in,permanent,30,2021-05-28,
E-1347,700847,"Yusra Lindgren",B-25,night-replen,permanent,30,2021-07-12,
E-1348,700848,"Hugo Ashford",B-25,section-lead,permanent,30,2022-05-10,
E-1349,700849,"Pia Pemberton",B-25,stock,casual,37.5,2023-09-22,
E-1350,700850,"Hugo Beckett",B-25,night-replen,permanent,30,2025-10-22,
E-1351,700851,"Uzo Novak",B-25,section-lead,casual,37.5,2026-01-27,
E-1352,700852,"Rosa Duarte",B-25,stock,fixed-term,37.5,2021-04-12,
E-1353,700853,"Dev Beckett",B-25,checkout,fixed-term,37.5,2025-05-04,
E-1354,700854,"Femi Ibarra",B-25,customer-service,fixed-term,37.5,2023-07-24,
E-1355,700855,"Niall Beckett",B-25,goods-in,fixed-term,16,2025-12-23,
E-1356,700856,"Kira Beckett",B-25,stock,permanent,12,2024-03-29,
E-1357,700857,"Tara Ibarra",B-25,night-replen,permanent,12,2023-05-06,
E-1358,700858,"Wren Lindgren",B-25,customer-service,casual,16,2020-12-27,
E-1359,700859,"Greta Ekwueme",B-25,night-replen,fixed-term,37.5,2024-07-07,2026-04-15
E-1360,700860,"Greta Quirke",B-25,goods-in,casual,12,2022-04-12,
E-1361,700861,"Liam Jarrett",B-25,stock,fixed-term,16,2021-08-20,
E-1362,700862,"Wren Ashford",B-25,stock,permanent,16,2021-06-29,
E-1363,700863,"Wren Ekwueme",B-25,customer-service,permanent,24,2021-07-19,
E-1364,700864,"Ola Jarrett",B-25,section-lead,permanent,24,2022-02-23,
E-1365,700865,"Ben Quirke",B-25,customer-service,casual,37.5,2025-06-13,
E-1366,700866,"Chloe Pemberton",B-25,goods-in,permanent,30,2024-11-01,
E-1367,700867,"Maya Quirke",B-25,checkout,permanent,16,2021-03-29,
E-1368,700868,"Amara Ortiz",B-25,customer-service,casual,37.5,2022-03-27,
E-1369,700869,"Hugo Fenwick",B-25,stock,fixed-term,24,2023-05-08,
E-1370,700870,"Amara Kestrel",B-25,night-replen,casual,16,2023-09-01,
E-1371,700871,"Kira Ibarra",B-25,stock,permanent,37.5,2025-09-24,
E-1372,700872,"Greta Ortiz",B-25,checkout,casual,30,2024-04-04,
E-1373,700873,"Femi Garrido",B-25,goods-in,permanent,12,2025-06-30,
E-1374,700874,"Maya Ibarra",B-25,goods-in,permanent,12,2025-01-24,
E-1375,700875,"Zane Lindgren",B-25,section-lead,fixed-term,30,2021-04-25,
E-1376,700876,"Greta Garrido",B-25,checkout,casual,16,2024-01-03,
E-1377,700877,"Tara Carvalho",B-25,goods-in,permanent,37.5,2023-10-08,
E-1378,700878,"Kira Pemberton",B-25,section-lead,permanent,30,2021-05-27,
E-1379,700879,"Sami Ekwueme",B-25,checkout,casual,30,2022-09-27,
E-1380,700880,"Greta Slater",B-25,stock,permanent,37.5,2021-02-28,
E-1381,700881,"Uzo Novak",B-25,checkout,permanent,30,2022-05-11,
E-1382,700882,"Uzo Ortiz",B-25,stock,casual,30,2021-08-19,
E-1383,700883,"Hugo Ortiz",B-25,checkout,permanent,37.5,2026-02-28,
E-1384,700884,"Sami Fenwick",B-25,customer-service,permanent,37.5,2025-11-01,
E-1385,700885,"Uzo Carvalho",B-25,customer-service,permanent,37.5,2025-07-06,
E-1386,700886,"Hugo Jarrett",B-25,goods-in,permanent,16,2022-03-15,
E-1387,700887,"Rosa Ortiz",B-25,section-lead,permanent,37.5,2020-12-16,2026-04-18
E-1388,700888,"Vera Kestrel",B-25,stock,casual,30,2025-11-11,2026-04-05
E-1389,700889,"Pia Garrido",B-25,night-replen,fixed-term,24,2024-10-17,
E-1390,700890,"Ola Pemberton",B-25,section-lead,casual,37.5,2023-01-25,
E-1391,700891,"Ines Jarrett",B-25,customer-service,permanent,12,2022-05-07,
E-1392,700892,"Femi Rashid",B-26,night-replen,fixed-term,12,2025-02-06,
E-1393,700893,"Kira Garrido",B-26,stock,permanent,37.5,2022-02-01,2026-04-14
E-1394,700894,"Ola Novak",B-26,section-lead,fixed-term,24,2020-10-25,
E-1395,700895,"Ola Quirke",B-26,checkout,casual,37.5,2021-04-22,
E-1396,700896,"Zane Kestrel",B-26,stock,casual,16,2025-12-03,
E-1397,700897,"Chloe Novak",B-26,section-lead,permanent,37.5,2024-05-18,
E-1398,700898,"Maya Duarte",B-26,checkout,permanent,12,2024-01-27,2026-04-12
E-1399,700899,"Jonas Ashford",B-26,customer-service,fixed-term,16,2023-09-03,
E-1400,700900,"Zane Pemberton",B-26,customer-service,fixed-term,24,2021-01-11,
E-1401,700901,"Pia Ibarra",B-26,section-lead,casual,24,2023-10-22,
E-1402,700902,"Ola Ashford",B-26,section-lead,permanent,24,2020-10-30,
E-1403,700903,"Esme Ibarra",B-26,stock,fixed-term,30,2021-09-03,
E-1404,700904,"Ben Ekwueme",B-26,section-lead,permanent,24,2023-02-06,
E-1405,700905,"Jonas Novak",B-26,goods-in,fixed-term,37.5,2021-03-05,
E-1406,700906,"Ben Fenwick",B-26,customer-service,permanent,16,2022-03-03,2026-04-11
E-1407,700907,"Rosa Quirke",B-26,night-replen,permanent,30,2025-09-03,
E-1408,700908,"Esme Ortiz",B-26,customer-service,permanent,37.5,2023-07-12,
E-1409,700909,"Rosa Pemberton",B-26,checkout,casual,16,2025-02-26,
E-1410,700910,"Greta Kestrel",B-26,night-replen,fixed-term,30,2025-04-07,
E-1411,700911,"Liam Duarte",B-26,night-replen,casual,30,2020-12-22,
E-1412,700912,"Vera Fenwick",B-26,customer-service,fixed-term,37.5,2021-12-27,
E-1413,700913,"Yusra Fenwick",B-26,stock,fixed-term,37.5,2023-11-01,
E-1414,700914,"Pia Fenwick",B-26,checkout,fixed-term,24,2021-01-25,
E-1415,700915,"Esme Beckett",B-26,goods-in,fixed-term,16,2023-08-03,
E-1416,700916,"Niall Duarte",B-26,night-replen,permanent,37.5,2021-05-19,
E-1417,700917,"Zane Jarrett",B-26,night-replen,casual,24,2024-12-26,
E-1418,700918,"Esme Slater",B-26,stock,casual,24,2022-03-29,
E-1419,700919,"Jonas Quirke",B-26,customer-service,permanent,30,2024-06-23,
E-1420,700920,"Hugo Quirke",B-26,night-replen,fixed-term,24,2024-08-24,
E-1421,700921,"Kira Garrido",B-26,goods-in,casual,37.5,2024-10-12,
E-1422,700922,"Esme Haldane",B-26,stock,permanent,24,2021-01-26,
E-1423,700923,"Liam Carvalho",B-27,night-replen,casual,37.5,2023-11-02,2026-04-07
E-1424,700924,"Ben Quirke",B-27,customer-service,permanent,12,2025-11-20,
E-1425,700925,"Uzo Jarrett",B-27,stock,fixed-term,12,2025-01-17,
E-1426,700926,"Pia Ortiz",B-27,goods-in,fixed-term,30,2025-11-17,
E-1427,700927,"Ines Beckett",B-27,checkout,permanent,24,2022-07-30,
E-1428,700928,"Wren Carvalho",B-27,goods-in,fixed-term,16,2022-10-10,
E-1429,700929,"Esme Garrido",B-27,night-replen,permanent,30,2024-02-27,
E-1430,700930,"Sami Slater",B-27,customer-service,casual,37.5,2022-10-01,
E-1431,700931,"Greta Garrido",B-27,stock,permanent,24,2021-04-05,
E-1432,700932,"Ben Quirke",B-27,checkout,fixed-term,37.5,2023-06-28,
E-1433,700933,"Tara Ortiz",B-27,stock,casual,12,2020-12-13,2026-04-18
E-1434,700934,"Sami Beckett",B-27,stock,fixed-term,24,2025-08-05,
E-1435,700935,"Hugo Haldane",B-27,night-replen,permanent,16,2021-11-28,
E-1436,700936,"Ola Haldane",B-27,goods-in,permanent,37.5,2021-12-26,
E-1437,700937,"Maya Jarrett",B-27,stock,permanent,16,2022-08-23,
E-1438,700938,"Kira Duarte",B-27,section-lead,casual,16,2025-10-09,
E-1439,700939,"Liam Ashford",B-27,checkout,casual,30,2025-03-29,
E-1440,700940,"Ines Duarte",B-27,checkout,casual,24,2024-03-27,
E-1441,700941,"Maya Haldane",B-27,customer-service,casual,16,2025-02-12,
E-1442,700942,"Esme Lindgren",B-27,night-replen,casual,37.5,2024-06-17,
E-1443,700943,"Vera Rashid",B-27,goods-in,permanent,12,2022-05-25,
E-1444,700944,"Pia Garrido",B-27,stock,permanent,30,2026-02-05,
E-1445,700945,"Uzo Haldane",B-27,night-replen,casual,37.5,2021-06-18,
E-1446,700946,"Sami Fenwick",B-27,goods-in,permanent,37.5,2023-06-13,
E-1447,700947,"Zane Novak",B-27,checkout,permanent,30,2022-02-20,
E-1448,700948,"Ines Beckett",B-27,night-replen,permanent,16,2024-08-22,
E-1449,700949,"Esme Haldane",B-27,night-replen,casual,37.5,2023-09-11,
E-1450,700950,"Wren Duarte",B-27,night-replen,permanent,24,2025-11-01,2026-04-05
E-1451,700951,"Wren Novak",B-27,section-lead,fixed-term,37.5,2025-12-31,
E-1452,700952,"Greta Rashid",B-27,customer-service,permanent,30,2022-10-27,2026-04-04
E-1453,700953,"Dev Ashford",B-27,checkout,permanent,37.5,2023-02-07,
E-1454,700954,"Tara Jarrett",B-27,section-lead,permanent,37.5,2021-11-12,
E-1455,700955,"Liam Jarrett",B-27,section-lead,permanent,12,2025-06-08,
E-1456,700956,"Ola Slater",B-28,checkout,casual,12,2023-12-04,
E-1457,700957,"Maya Duarte",B-28,section-lead,casual,24,2023-02-12,
E-1458,700958,"Uzo Rashid",B-28,night-replen,casual,24,2022-12-28,
E-1459,700959,"Hugo Lindgren",B-28,checkout,casual,37.5,2025-10-09,
E-1460,700960,"Amara Novak",B-28,night-replen,casual,30,2021-02-05,
E-1461,700961,"Liam Ibarra",B-28,goods-in,casual,30,2023-07-14,
E-1462,700962,"Jonas Ibarra",B-28,night-replen,casual,12,2022-07-11,
E-1463,700963,"Ines Beckett",B-28,checkout,casual,30,2023-11-25,2026-04-12
E-1464,700964,"Ines Ibarra",B-28,customer-service,fixed-term,37.5,2020-12-19,
E-1465,700965,"Ines Duarte",B-28,checkout,fixed-term,24,2021-04-08,
E-1466,700966,"Uzo Carvalho",B-28,checkout,permanent,37.5,2024-10-14,2026-04-20
E-1467,700967,"Dev Lindgren",B-28,goods-in,permanent,37.5,2024-05-03,
E-1468,700968,"Zane Slater",B-28,section-lead,casual,37.5,2024-01-19,
E-1469,700969,"Femi Fenwick",B-28,night-replen,casual,16,2021-06-15,
E-1470,700970,"Femi Carvalho",B-28,checkout,fixed-term,30,2026-02-16,
E-1471,700971,"Kira Beckett",B-28,night-replen,fixed-term,12,2025-12-26,
E-1472,700972,"Liam Beckett",B-28,section-lead,permanent,24,2023-04-21,
E-1473,700973,"Niall Ekwueme",B-28,section-lead,casual,24,2024-09-10,
E-1474,700974,"Tara Fenwick",B-28,section-lead,fixed-term,30,2022-05-10,
E-1475,700975,"Ben Ortiz",B-28,section-lead,fixed-term,24,2023-08-07,
E-1476,700976,"Rosa Ibarra",B-28,goods-in,permanent,16,2025-12-18,
E-1477,700977,"Yusra Duarte",B-28,customer-service,permanent,37.5,2022-05-29,
E-1478,700978,"Yusra Lindgren",B-28,night-replen,casual,30,2021-09-30,
E-1479,700979,"Niall Duarte",B-28,checkout,casual,12,2021-08-30,
E-1480,700980,"Amara Novak",B-28,night-replen,permanent,12,2025-09-04,
E-1481,700981,"Wren Jarrett",B-28,customer-service,permanent,37.5,2024-12-14,
E-1482,700982,"Uzo Novak",B-28,stock,fixed-term,37.5,2024-11-13,
E-1483,700983,"Zane Duarte",B-28,section-lead,permanent,37.5,2022-04-25,
E-1484,700984,"Niall Quirke",B-28,stock,fixed-term,12,2022-01-10,
E-1485,700985,"Liam Beckett",B-29,section-lead,permanent,37.5,2024-11-27,
E-1486,700986,"Esme Kestrel",B-29,customer-service,casual,30,2022-11-18,
E-1487,700987,"Liam Quirke",B-29,checkout,casual,16,2023-01-27,
E-1488,700988,"Niall Novak",B-29,checkout,casual,16,2024-06-10,
E-1489,700989,"Vera Kestrel",B-29,night-replen,casual,30,2020-12-13,
E-1490,700990,"Yusra Rashid",B-29,customer-service,fixed-term,30,2021-07-30,
E-1491,700991,"Rosa Ekwueme",B-29,goods-in,permanent,24,2021-02-28,
E-1492,700992,"Maya Beckett",B-29,stock,permanent,16,2022-09-21,
E-1493,700993,"Hugo Ekwueme",B-29,night-replen,permanent,12,2023-10-10,
E-1494,700994,"Ola Rashid",B-29,night-replen,fixed-term,37.5,2021-12-02,
E-1495,700995,"Jonas Quirke",B-29,stock,casual,12,2023-04-26,
E-1496,700996,"Ines Novak",B-29,customer-service,permanent,24,2026-02-01,
E-1497,700997,"Amara Pemberton",B-29,stock,permanent,24,2021-10-10,
E-1498,700998,"Niall Jarrett",B-29,customer-service,permanent,12,2025-04-07,
E-1499,700999,"Yusra Haldane",B-29,customer-service,casual,12,2026-02-14,
E-1500,701000,"Femi Duarte",B-29,night-replen,permanent,24,2025-03-11,
E-1501,701001,"Ola Duarte",B-29,night-replen,casual,24,2023-10-01,
E-1502,701002,"Kira Garrido",B-29,night-replen,casual,12,2025-01-30,
E-1503,701003,"Rosa Ekwueme",B-29,section-lead,permanent,16,2024-07-19,
E-1504,701004,"Maya Ibarra",B-29,night-replen,casual,12,2023-08-17,
E-1505,701005,"Tara Fenwick",B-29,stock,permanent,12,2024-08-29,2026-04-09
E-1506,701006,"Wren Ortiz",B-29,stock,permanent,24,2025-02-27,
E-1507,701007,"Kira Beckett",B-29,customer-service,permanent,24,2025-08-31,2026-04-15
E-1508,701008,"Hugo Rashid",B-29,night-replen,fixed-term,12,2022-10-25,
E-1509,701009,"Hugo Lindgren",B-29,customer-service,permanent,30,2023-12-07,
E-1510,701010,"Uzo Pemberton",B-29,customer-service,fixed-term,30,2025-10-20,
E-1511,701011,"Yusra Carvalho",B-29,checkout,casual,24,2021-08-19,2026-04-13
E-1512,701012,"Hugo Garrido",B-29,goods-in,casual,12,2022-08-16,
E-1513,701013,"Hugo Slater",B-29,checkout,casual,37.5,2021-05-15,
E-1514,701014,"Greta Fenwick",B-29,night-replen,casual,12,2022-05-06,
E-1515,701015,"Dev Beckett",B-29,customer-service,casual,30,2025-09-18,
E-1516,701016,"Rosa Slater",B-29,checkout,permanent,16,2024-08-28,
E-1517,701017,"Greta Ibarra",B-29,checkout,permanent,12,2022-04-19,
E-1518,701018,"Rosa Lindgren",B-29,customer-service,casual,37.5,2022-09-30,
E-1519,701019,"Yusra Ortiz",B-29,customer-service,fixed-term,16,2022-11-15,
E-1520,701020,"Tara Fenwick",B-30,customer-service,permanent,37.5,2022-07-15,
E-1521,701021,"Wren Ibarra",B-30,customer-service,casual,24,2022-06-07,
E-1522,701022,"Tara Jarrett",B-30,night-replen,casual,37.5,2021-05-13,
E-1523,701023,"Kira Carvalho",B-30,night-replen,fixed-term,37.5,2026-01-20,
E-1524,701024,"Ines Jarrett",B-30,checkout,permanent,37.5,2022-07-05,
E-1525,701025,"Kira Ekwueme",B-30,checkout,permanent,37.5,2025-02-07,
E-1526,701026,"Yusra Carvalho",B-30,checkout,permanent,30,2021-03-06,
E-1527,701027,"Chloe Ashford",B-30,customer-service,casual,16,2022-03-10,2026-04-05
E-1528,701028,"Ines Ashford",B-30,stock,fixed-term,37.5,2021-02-22,
E-1529,701029,"Yusra Quirke",B-30,goods-in,permanent,24,2022-02-07,
E-1530,701030,"Vera Kestrel",B-30,customer-service,permanent,24,2021-01-31,2026-04-11
E-1531,701031,"Greta Kestrel",B-30,checkout,permanent,30,2023-05-23,
E-1532,701032,"Amara Ashford",B-30,goods-in,fixed-term,16,2021-12-16,
E-1533,701033,"Niall Slater",B-30,checkout,casual,37.5,2022-09-25,
E-1534,701034,"Zane Quirke",B-30,customer-service,permanent,12,2021-02-06,
E-1535,701035,"Ben Duarte",B-30,checkout,permanent,37.5,2022-12-19,
E-1536,701036,"Amara Ekwueme",B-30,section-lead,casual,16,2022-03-24,
E-1537,701037,"Uzo Lindgren",B-30,stock,casual,24,2022-10-01,
E-1538,701038,"Maya Ekwueme",B-30,night-replen,casual,30,2021-06-29,
E-1539,701039,"Liam Pemberton",B-30,customer-service,permanent,16,2021-02-05,
E-1540,701040,"Wren Lindgren",B-30,goods-in,permanent,12,2022-09-09,
E-1541,701041,"Maya Ibarra",B-30,section-lead,permanent,37.5,2021-06-09,
E-1542,701042,"Ben Beckett",B-30,stock,casual,16,2023-09-03,
E-1543,701043,"Ben Pemberton",B-30,night-replen,fixed-term,12,2023-09-05,
E-1544,701044,"Maya Slater",B-30,checkout,permanent,30,2022-11-16,
E-1545,701045,"Amara Ekwueme",B-30,night-replen,casual,12,2025-04-15,
E-1546,701046,"Femi Garrido",B-30,section-lead,fixed-term,37.5,2024-03-17,2026-04-19
E-1547,701047,"Jonas Carvalho",B-30,customer-service,permanent,24,2022-11-21,2026-04-17
E-1548,701048,"Ines Jarrett",B-30,goods-in,fixed-term,37.5,2025-09-25,
E-1549,701049,"Hugo Rashid",B-30,customer-service,permanent,37.5,2020-10-30,
E-1550,701050,"Vera Ekwueme",B-30,section-lead,casual,16,2021-06-13,
E-1551,701051,"Hugo Pemberton",B-30,checkout,permanent,24,2024-09-04,
