employee_id,branch_id,business_date,shift_start,shift_end
E-247,B-17,2026-05-04,08:00:00,16:00:00
E-455,B-17,2026-05-04,08:00:00,16:00:00
E-800,B-17,2026-05-04,08:00:00,16:00:00
E-802,B-17,2026-05-04,12:00:00,20:00:00
E-804,B-17,2026-05-04,22:00:00,06:00:00
E-808,B-17,2026-05-04,08:00:00,16:00:00
E-809,B-17,2026-05-04,14:00:00,22:00:00
E-810,B-17,2026-05-04,14:00:00,22:00:00
E-811,B-17,2026-05-04,14:00:00,22:00:00
E-817,B-17,2026-05-04,12:00:00,20:00:00
E-818,B-17,2026-05-04,08:00:00,16:00:00
E-825,B-17,2026-05-04,09:00:00,17:00:00
E-829,B-17,2026-05-04,06:00:00,14:00:00
E-830,B-17,2026-05-04,08:00:00,16:00:00
E-831,B-17,2026-05-04,06:00:00,14:00:00
E-832,B-17,2026-05-04,08:00:00,16:00:00
E-835,B-17,2026-05-04,09:00:00,17:00:00
E-837,B-17,2026-05-04,12:00:00,20:00:00
E-838,B-17,2026-05-04,08:00:00,16:00:00
E-840,B-17,2026-05-04,09:00:00,17:00:00
E-847,B-17,2026-05-04,09:00:00,17:00:00
E-849,B-17,2026-05-04,08:00:00,16:00:00
E-850,B-17,2026-05-04,12:00:00,20:00:00
E-853,B-17,2026-05-04,08:00:00,16:00:00
E-854,B-17,2026-05-04,08:00:00,16:00:00
E-856,B-17,2026-05-04,12:00:00,20:00:00
E-857,B-17,2026-05-04,22:00:00,06:00:00
E-858,B-17,2026-05-04,09:00:00,17:00:00
E-862,B-17,2026-05-04,08:00:00,16:00:00
E-864,B-17,2026-05-04,09:00:00,17:00:00
E-865,B-17,2026-05-04,08:00:00,16:00:00
E-866,B-17,2026-05-04,06:00:00,14:00:00
E-868,B-17,2026-05-04,08:00:00,16:00:00
E-870,B-17,2026-05-04,08:00:00,16:00:00
E-871,B-17,2026-05-04,08:00:00,16:00:00
E-873,B-17,2026-05-04,14:00:00,22:00:00
E-874,B-17,2026-05-04,22:00:00,06:00:00
E-875,B-17,2026-05-04,08:00:00,16:00:00
E-877,B-17,2026-05-04,08:00:00,16:00:00
E-283,B-08,2026-05-04,14:00:00,22:00:00
E-883,B-08,2026-05-04,12:00:00,20:00:00
E-889,B-08,2026-05-04,06:00:00,14:00:00
E-892,B-08,2026-05-04,14:00:00,22:00:00
E-893,B-08,2026-05-04,06:00:00,14:00:00
E-894,B-08,2026-05-04,22:00:00,06:00:00
E-895,B-08,2026-05-04,08:00:00,16:00:00
E-896,B-08,2026-05-04,22:00:00,06:00:00
E-899,B-08,2026-05-04,14:00:00,22:00:00
E-901,B-08,2026-05-04,12:00:00,20:00:00
E-908,B-08,2026-05-04,08:00:00,16:00:00
E-912,B-08,2026-05-04,08:00:00,16:00:00
E-914,B-08,2026-05-04,08:00:00,16:00:00
E-915,B-08,2026-05-04,08:00:00,16:00:00
E-917,B-08,2026-05-04,06:00:00,14:00:00
E-919,B-08,2026-05-04,12:00:00,20:00:00
E-920,B-08,2026-05-04,09:00:00,17:00:00
E-922,B-08,2026-05-04,22:00:00,06:00:00
E-924,B-08,2026-05-04,14:00:00,22:00:00
E-926,B-08,2026-05-04,22:00:00,06:00:00
E-928,B-08,2026-05-04,22:00:00,06:00:00
E-929,B-08,2026-05-04,08:00:00,16:00:00
E-930,B-08,2026-05-04,22:00:00,06:00:00
E-506,B-09,2026-05-04,06:00:00,14:00:00
E-936,B-09,2026-05-04,08:00:00,16:00:00
E-937,B-09,2026-05-04,08:00:00,16:00:00
E-942,B-09,2026-05-04,14:00:00,22:00:00
E-944,B-09,2026-05-04,06:00:00,14:00:00
E-949,B-09,2026-05-04,08:00:00,16:00:00
E-950,B-09,2026-05-04,22:00:00,06:00:00
E-951,B-09,2026-05-04,14:00:00,22:00:00
E-952,B-09,2026-05-04,08:00:00,16:00:00
E-954,B-09,2026-05-04,06:00:00,14:00:00
E-955,B-09,2026-05-04,08:00:00,16:00:00
E-956,B-09,2026-05-04,12:00:00,20:00:00
E-957,B-09,2026-05-04,12:00:00,20:00:00
E-960,B-09,2026-05-04,09:00:00,17:00:00
E-963,B-09,2026-05-04,14:00:00,22:00:00
E-533,B-04,2026-05-04,22:00:00,06:00:00
E-548,B-04,2026-05-04,09:00:00,17:00:00
E-966,B-04,2026-05-04,08:00:00,16:00:00
E-967,B-04,2026-05-04,06:00:00,14:00:00
E-968,B-04,2026-05-04,08:00:00,16:00:00
E-969,B-04,2026-05-04,12:00:00,20:00:00
E-971,B-04,2026-05-04,06:00:00,14:00:00
E-972,B-04,2026-05-04,08:00:00,16:00:00
E-974,B-04,2026-05-04,12:00:00,20:00:00
E-979,B-04,2026-05-04,09:00:00,17:00:00
E-980,B-04,2026-05-04,08:00:00,16:00:00
E-982,B-04,2026-05-04,22:00:00,06:00:00
E-985,B-04,2026-05-04,22:00:00,06:00:00
E-988,B-02,2026-05-04,06:00:00,14:00:00
E-989,B-02,2026-05-04,08:00:00,16:00:00
E-996,B-02,2026-05-04,08:00:00,16:00:00
E-998,B-02,2026-05-04,14:00:00,22:00:00
E-574,B-01,2026-05-04,09:00:00,17:00:00
E-999,B-01,2026-05-04,12:00:00,20:00:00
E-1000,B-01,2026-05-04,22:00:00,06:00:00
E-1003,B-01,2026-05-04,14:00:00,22:00:00
E-1006,B-20,2026-05-04,08:00:00,16:00:00
E-1008,B-20,2026-05-04,22:00:00,06:00:00
E-1010,B-20,2026-05-04,12:00:00,20:00:00
E-1011,B-20,2026-05-04,08:00:00,16:00:00
E-1012,B-20,2026-05-04,14:00:00,22:00:00
E-1015,B-20,2026-05-04,06:00:00,14:00:00
E-1016,B-20,2026-05-04,22:00:00,06:00:00
E-1019,B-20,2026-05-04,22:00:00,06:00:00
E-1021,B-20,2026-05-04,08:00:00,16:00:00
E-1028,B-20,2026-05-04,06:00:00,14:00:00
E-1030,B-20,2026-05-04,08:00:00,16:00:00
E-1032,B-20,2026-05-04,14:00:00,22:00:00
E-1035,B-20,2026-05-04,08:00:00,16:00:00
E-1035,B-20,2026-05-04,17:00:00,21:00:00
E-1036,B-20,2026-05-04,22:00:00,06:00:00
E-1039,B-20,2026-05-04,09:00:00,17:00:00
E-1041,B-20,2026-05-04,14:00:00,22:00:00
E-1042,B-20,2026-05-04,08:00:00,16:00:00
E-1043,B-20,2026-05-04,14:00:00,22:00:00
E-1043,B-20,2026-05-04,23:00:00,03:00:00
E-1044,B-20,2026-05-04,22:00:00,06:00:00
E-1045,B-20,2026-05-04,12:00:00,20:00:00
E-1048,B-20,2026-05-04,08:00:00,16:00:00
E-1050,B-20,2026-05-04,14:00:00,22:00:00
E-1051,B-20,2026-05-04,14:00:00,22:00:00
E-1051,B-20,2026-05-04,23:00:00,03:00:00
E-1053,B-20,2026-05-04,09:00:00,17:00:00
E-1054,B-20,2026-05-04,08:00:00,16:00:00
E-1059,B-20,2026-05-04,08:00:00,16:00:00
E-1063,B-20,2026-05-04,22:00:00,06:00:00
E-1064,B-20,2026-05-04,08:00:00,16:00:00
E-1066,B-21,2026-05-04,12:00:00,20:00:00
E-1067,B-21,2026-05-04,09:00:00,17:00:00
E-1068,B-21,2026-05-04,14:00:00,22:00:00
E-1069,B-21,2026-05-04,08:00:00,16:00:00
E-1071,B-21,2026-05-04,08:00:00,16:00:00
E-1072,B-21,2026-05-04,09:00:00,17:00:00
E-1075,B-21,2026-05-04,14:00:00,22:00:00
E-1077,B-21,2026-05-04,09:00:00,17:00:00
E-1079,B-21,2026-05-04,12:00:00,20:00:00
E-1080,B-21,2026-05-04,09:00:00,17:00:00
E-1086,B-21,2026-05-04,09:00:00,17:00:00
E-1088,B-21,2026-05-04,08:00:00,16:00:00
E-1091,B-21,2026-05-04,12:00:00,20:00:00
E-1093,B-21,2026-05-04,08:00:00,16:00:00
E-1094,B-21,2026-05-04,09:00:00,17:00:00
E-1095,B-21,2026-05-04,22:00:00,06:00:00
E-1098,B-21,2026-05-04,08:00:00,16:00:00
E-1099,B-21,2026-05-04,22:00:00,06:00:00
E-1100,B-21,2026-05-04,14:00:00,22:00:00
E-1103,B-21,2026-05-04,12:00:00,20:00:00
E-1105,B-21,2026-05-04,08:00:00,16:00:00
E-1106,B-21,2026-05-04,22:00:00,06:00:00
E-1110,B-21,2026-05-04,06:00:00,14:00:00
E-1111,B-21,2026-05-04,08:00:00,16:00:00
E-1112,B-21,2026-05-04,08:00:00,16:00:00
E-1113,B-21,2026-05-04,08:00:00,16:00:00
E-1115,B-21,2026-05-04,12:00:00,20:00:00
E-1116,B-21,2026-05-04,08:00:00,16:00:00
E-1119,B-21,2026-05-04,06:00:00,14:00:00
E-1120,B-21,2026-05-04,09:00:00,17:00:00
E-1123,B-21,2026-05-04,14:00:00,22:00:00
E-1124,B-22,2026-05-04,09:00:00,17:00:00
E-1125,B-22,2026-05-04,22:00:00,06:00:00
E-1126,B-22,2026-05-04,12:00:00,20:00:00
E-1130,B-22,2026-05-04,09:00:00,17:00:00
E-1133,B-22,2026-05-04,12:00:00,20:00:00
E-1135,B-22,2026-05-04,09:00:00,17:00:00
E-1136,B-22,2026-05-04,09:00:00,17:00:00
E-1137,B-22,2026-05-04,14:00:00,22:00:00
E-1139,B-22,2026-05-04,06:00:00,14:00:00
E-1140,B-22,2026-05-04,14:00:00,22:00:00
E-1142,B-22,2026-05-04,06:00:00,14:00:00
E-1143,B-22,2026-05-04,08:00:00,16:00:00
E-1144,B-22,2026-05-04,08:00:00,16:00:00
E-1145,B-22,2026-05-04,12:00:00,20:00:00
E-1146,B-22,2026-05-04,09:00:00,17:00:00
E-1147,B-22,2026-05-04,14:00:00,22:00:00
E-1147,B-22,2026-05-04,23:00:00,03:00:00
E-1148,B-22,2026-05-04,08:00:00,16:00:00
E-1152,B-22,2026-05-04,09:00:00,17:00:00
E-1153,B-22,2026-05-04,14:00:00,22:00:00
E-1155,B-22,2026-05-04,08:00:00,16:00:00
E-1157,B-22,2026-05-04,08:00:00,16:00:00
E-1158,B-22,2026-05-04,14:00:00,22:00:00
E-1160,B-22,2026-05-04,09:00:00,17:00:00
E-1162,B-22,2026-05-04,09:00:00,17:00:00
E-1164,B-22,2026-05-04,12:00:00,20:00:00
E-1165,B-22,2026-05-04,22:00:00,06:00:00
E-1169,B-22,2026-05-04,06:00:00,14:00:00
E-1170,B-22,2026-05-04,12:00:00,20:00:00
E-1172,B-22,2026-05-04,22:00:00,06:00:00
E-1173,B-22,2026-05-04,09:00:00,17:00:00
E-1176,B-22,2026-05-04,08:00:00,16:00:00
E-1178,B-22,2026-05-04,06:00:00,14:00:00
E-1187,B-22,2026-05-04,08:00:00,16:00:00
E-1189,B-22,2026-05-04,09:00:00,17:00:00
E-1191,B-22,2026-05-04,08:00:00,16:00:00
E-1194,B-23,2026-05-04,12:00:00,20:00:00
E-1195,B-23,2026-05-04,14:00:00,22:00:00
E-1202,B-23,2026-05-04,22:00:00,06:00:00
E-1205,B-23,2026-05-04,06:00:00,14:00:00
E-1208,B-23,2026-05-04,09:00:00,17:00:00
E-1209,B-23,2026-05-04,14:00:00,22:00:00
E-1211,B-23,2026-05-04,08:00:00,16:00:00
E-1212,B-23,2026-05-04,12:00:00,20:00:00
E-1214,B-23,2026-05-04,08:00:00,16:00:00
E-1218,B-23,2026-05-04,08:00:00,16:00:00
E-1222,B-23,2026-05-04,09:00:00,17:00:00
E-1223,B-23,2026-05-04,09:00:00,17:00:00
E-1224,B-23,2026-05-04,22:00:00,06:00:00
E-1225,B-23,2026-05-04,12:00:00,20:00:00
E-1226,B-23,2026-05-04,14:00:00,22:00:00
E-1226,B-23,2026-05-04,23:00:00,03:00:00
E-1228,B-23,2026-05-04,22:00:00,06:00:00
E-1230,B-23,2026-05-04,06:00:00,14:00:00
E-1233,B-23,2026-05-04,12:00:00,20:00:00
E-1234,B-23,2026-05-04,06:00:00,14:00:00
E-1236,B-23,2026-05-04,12:00:00,20:00:00
E-1237,B-23,2026-05-04,14:00:00,22:00:00
E-1240,B-23,2026-05-04,22:00:00,06:00:00
E-1244,B-23,2026-05-04,14:00:00,22:00:00
E-1246,B-23,2026-05-04,14:00:00,22:00:00
E-1249,B-23,2026-05-04,08:00:00,16:00:00
E-1249,B-23,2026-05-04,17:00:00,21:00:00
E-1252,B-23,2026-05-04,09:00:00,17:00:00
E-1254,B-23,2026-05-04,12:00:00,20:00:00
E-1255,B-23,2026-05-04,22:00:00,06:00:00
E-1256,B-23,2026-05-04,12:00:00,20:00:00
E-1257,B-23,2026-05-04,08:00:00,16:00:00
E-1259,B-23,2026-05-04,12:00:00,20:00:00
E-1261,B-23,2026-05-04,22:00:00,06:00:00
E-1264,B-24,2026-05-04,14:00:00,22:00:00
E-1265,B-24,2026-05-04,06:00:00,14:00:00
E-1266,B-24,2026-05-04,12:00:00,20:00:00
E-1267,B-24,2026-05-04,08:00:00,16:00:00
E-1269,B-24,2026-05-04,14:00:00,22:00:00
E-1270,B-24,2026-05-04,22:00:00,06:00:00
E-1274,B-24,2026-05-04,09:00:00,17:00:00
E-1275,B-24,2026-05-04,22:00:00,06:00:00
E-1275,B-24,2026-05-04,07:00:00,11:00:00
E-1276,B-24,2026-05-04,08:00:00,16:00:00
E-1279,B-24,2026-05-04,06:00:00,14:00:00
E-1280,B-24,2026-05-04,22:00:00,06:00:00
E-1282,B-24,2026-05-04,22:00:00,06:00:00
E-1283,B-24,2026-05-04,08:00:00,16:00:00
E-1286,B-24,2026-05-04,06:00:00,14:00:00
E-1287,B-24,2026-05-04,08:00:00,16:00:00
E-1289,B-24,2026-05-04,12:00:00,20:00:00
E-1290,B-24,2026-05-04,08:00:00,16:00:00
E-1290,B-24,2026-05-04,17:00:00,21:00:00
E-1292,B-24,2026-05-04,08:00:00,16:00:00
E-1293,B-24,2026-05-04,09:00:00,17:00:00
E-1295,B-24,2026-05-04,12:00:00,20:00:00
E-1297,B-24,2026-05-04,22:00:00,06:00:00
E-1298,B-24,2026-05-04,22:00:00,06:00:00
E-1299,B-24,2026-05-04,12:00:00,20:00:00
E-1300,B-24,2026-05-04,09:00:00,17:00:00
E-1302,B-24,2026-05-04,06:00:00,14:00:00
E-1303,B-24,2026-05-04,22:00:00,06:00:00
E-1304,B-24,2026-05-04,06:00:00,14:00:00
E-1306,B-24,2026-05-04,08:00:00,16:00:00
E-1308,B-24,2026-05-04,12:00:00,20:00:00
E-1309,B-24,2026-05-04,09:00:00,17:00:00
E-1310,B-24,2026-05-04,12:00:00,20:00:00
E-1315,B-24,2026-05-04,08:00:00,16:00:00
E-1317,B-24,2026-05-04,06:00:00,14:00:00
E-1319,B-24,2026-05-04,06:00:00,14:00:00
E-1321,B-24,2026-05-04,14:00:00,22:00:00
E-1324,B-24,2026-05-04,12:00:00,20:00:00
E-1329,B-25,2026-05-04,12:00:00,20:00:00
E-1329,B-25,2026-05-04,21:00:00,01:00:00
E-1330,B-25,2026-05-04,08:00:00,16:00:00
E-1331,B-25,2026-05-04,08:00:00,16:00:00
E-1333,B-25,2026-05-04,06:00:00,14:00:00
E-1334,B-25,2026-05-04,08:00:00,16:00:00
E-1339,B-25,2026-05-04,06:00:00,14:00:00
E-1340,B-25,2026-05-04,09:00:00,17:00:00
E-1341,B-25,2026-05-04,12:00:00,20:00:00
E-1342,B-25,2026-05-04,09:00:00,17:00:00
E-1343,B-25,2026-05-04,12:00:00,20:00:00
E-1343,B-25,2026-05-04,21:00:00,01:00:00
E-1344,B-25,2026-05-04,09:00:00,17:00:00
E-1345,B-25,2026-05-04,14:00:00,22:00:00
E-1350,B-25,2026-05-04,14:00:00,22:00:00
E-1352,B-25,2026-05-04,09:00:00,17:00:00
E-1353,B-25,2026-05-04,06:00:00,14:00:00
E-1354,B-25,2026-05-04,08:00:00,16:00:00
E-1355,B-25,2026-05-04,22:00:00,06:00:00
E-1361,B-25,2026-05-04,12:00:00,20:00:00
E-1362,B-25,2026-05-04,08:00:00,16:00:00
E-1367,B-25,2026-05-04,09:00:00,17:00:00
E-1370,B-25,2026-05-04,06:00:00,14:00:00
E-1372,B-25,2026-05-04,08:00:00,16:00:00
E-1373,B-25,2026-05-04,22:00:00,06:00:00
E-1375,B-25,2026-05-04,08:00:00,16:00:00
E-1377,B-25,2026-05-04,22:00:00,06:00:00
E-1377,B-25,2026-05-04,07:00:00,11:00:00
E-1380,B-25,2026-05-04,09:00:00,17:00:00
E-1381,B-25,2026-05-04,08:00:00,16:00:00
E-1386,B-25,2026-05-04,22:00:00,06:00:00
E-1389,B-25,2026-05-04,08:00:00,16:00:00
E-1390,B-25,2026-05-04,09:00:00,17:00:00
E-1392,B-26,2026-05-04,09:00:00,17:00:00
E-1394,B-26,2026-05-04,14:00:00,22:00:00
E-1405,B-26,2026-05-04,06:00:00,14:00:00
E-1407,B-26,2026-05-04,12:00:00,20:00:00
E-1408,B-26,2026-05-04,08:00:00,16:00:00
E-1410,B-26,2026-05-04,08:00:00,16:00:00
E-1412,B-26,2026-05-04,08:00:00,16:00:00
E-1413,B-26,2026-05-04,14:00:00,22:00:00
E-1414,B-26,2026-05-04,12:00:00,20:00:00
E-1416,B-26,2026-05-04,09:00:00,17:00:00
E-1420,B-26,2026-05-04,14:00:00,22:00:00
E-1421,B-26,2026-05-04,14:00:00,22:00:00
E-1421,B-26,2026-05-04,23:00:00,03:00:00
E-1422,B-26,2026-05-04,14:00:00,22:00:00
E-1424,B-27,2026-05-04,12:00:00,20:00:00
E-1425,B-27,2026-05-04,12:00:00,20:00:00
E-1426,B-27,2026-05-04,06:00:00,14:00:00
E-1427,B-27,2026-05-04,22:00:00,06:00:00
E-1430,B-27,2026-05-04,22:00:00,06:00:00
E-1432,B-27,2026-05-04,14:00:00,22:00:00
E-1436,B-27,2026-05-04,08:00:00,16:00:00
E-1438,B-27,2026-05-04,06:00:00,14:00:00
E-1439,B-27,2026-05-04,12:00:00,20:00:00
E-1442,B-27,2026-05-04,14:00:00,22:00:00
E-1443,B-27,2026-05-04,06:00:00,14:00:00
E-1445,B-27,2026-05-04,14:00:00,22:00:00
E-1446,B-27,2026-05-04,22:00:00,06:00:00
E-1447,B-27,2026-05-04,09:00:00,17:00:00
E-1449,B-27,2026-05-04,09:00:00,17:00:00
E-1451,B-27,2026-05-04,08:00:00,16:00:00
E-1454,B-27,2026-05-04,08:00:00,16:00:00
E-1456,B-28,2026-05-04,12:00:00,20:00:00
E-1458,B-28,2026-05-04,14:00:00,22:00:00
E-1460,B-28,2026-05-04,09:00:00,17:00:00
E-1461,B-28,2026-05-04,06:00:00,14:00:00
E-1464,B-28,2026-05-04,06:00:00,14:00:00
E-1469,B-28,2026-05-04,12:00:00,20:00:00
E-1471,B-28,2026-05-04,22:00:00,06:00:00
E-1472,B-28,2026-05-04,08:00:00,16:00:00
E-1473,B-28,2026-05-04,09:00:00,17:00:00
E-1474,B-28,2026-05-04,08:00:00,16:00:00
E-1474,B-28,2026-05-04,17:00:00,21:00:00
E-1476,B-28,2026-05-04,06:00:00,14:00:00
E-1478,B-28,2026-05-04,08:00:00,16:00:00
E-1481,B-28,2026-05-04,09:00:00,17:00:00
E-1483,B-28,2026-05-04,14:00:00,22:00:00
E-1484,B-28,2026-05-04,08:00:00,16:00:00
E-1487,B-29,2026-05-04,08:00:00,16:00:00
E-1489,B-29,2026-05-04,08:00:00,16:00:00
E-1490,B-29,2026-05-04,14:00:00,22:00:00
E-1491,B-29,2026-05-04,09:00:00,17:00:00
E-1492,B-29,2026-05-04,12:00:00,20:00:00
E-1497,B-29,2026-05-04,14:00:00,22:00:00
E-1501,B-29,2026-05-04,14:00:00,22:00:00
E-1502,B-29,2026-05-04,06:00:00,14:00:00
E-1504,B-29,2026-05-04,09:00:00,17:00:00
E-1509,B-29,2026-05-04,08:00:00,16:00:00
E-1512,B-29,2026-05-04,14:00:00,22:00:00
E-1514,B-29,2026-05-04,08:00:00,16:00:00
E-1517,B-29,2026-05-04,14:00:00,22:00:00
E-1519,B-29,2026-05-04,14:00:00,22:00:00
E-1520,B-30,2026-05-04,08:00:00,16:00:00
E-1520,B-30,2026-05-04,17:00:00,21:00:00
E-1521,B-30,2026-05-04,06:00:00,14:00:00
E-1522,B-30,2026-05-04,22:00:00,06:00:00
E-1523,B-30,2026-05-04,08:00:00,16:00:00
E-1524,B-30,2026-05-04,14:00:00,22:00:00
E-1525,B-30,2026-05-04,09:00:00,17:00:00
E-1526,B-30,2026-05-04,22:00:00,06:00:00
E-1529,B-30,2026-05-04,22:00:00,06:00:00
E-1532,B-30,2026-05-04,06:00:00,14:00:00
E-1534,B-30,2026-05-04,22:00:00,06:00:00
E-1535,B-30,2026-05-04,06:00:00,14:00:00
E-1535,B-30,2026-05-04,15:00:00,19:00:00
E-1537,B-30,2026-05-04,06:00:00,14:00:00
E-1538,B-30,2026-05-04,08:00:00,16:00:00
E-1540,B-30,2026-05-04,08:00:00,16:00:00
E-1541,B-30,2026-05-04,06:00:00,14:00:00
E-1542,B-30,2026-05-04,08:00:00,16:00:00
E-1544,B-30,2026-05-04,08:00:00,16:00:00
E-1545,B-30,2026-05-04,08:00:00,16:00:00
E-1549,B-30,2026-05-04,08:00:00,16:00:00
E-118,B-17,2026-05-05,14:00:00,22:00:00
E-247,B-17,2026-05-05,08:00:00,16:00:00
E-805,B-17,2026-05-05,08:00:00,16:00:00
E-807,B-17,2026-05-05,06:00:00,14:00:00
E-808,B-17,2026-05-05,06:00:00,14:00:00
E-809,B-17,2026-05-05,22:00:00,06:00:00
E-810,B-17,2026-05-05,06:00:00,14:00:00
E-812,B-17,2026-05-05,22:00:00,06:00:00
E-813,B-17,2026-05-05,12:00:00,20:00:00
E-816,B-17,2026-05-05,22:00:00,06:00:00
E-817,B-17,2026-05-05,09:00:00,17:00:00
E-818,B-17,2026-05-05,22:00:00,06:00:00
E-820,B-17,2026-05-05,14:00:00,22:00:00
E-823,B-17,2026-05-05,14:00:00,22:00:00
E-826,B-17,2026-05-05,08:00:00,16:00:00
E-830,B-17,2026-05-05,12:00:00,20:00:00
E-832,B-17,2026-05-05,14:00:00,22:00:00
E-835,B-17,2026-05-05,12:00:00,20:00:00
E-836,B-17,2026-05-05,08:00:00,16:00:00
E-837,B-17,2026-05-05,08:00:00,16:00:00
E-844,B-17,2026-05-05,09:00:00,17:00:00
E-848,B-17,2026-05-05,14:00:00,22:00:00
E-849,B-17,2026-05-05,08:00:00,16:00:00
E-855,B-17,2026-05-05,14:00:00,22:00:00
E-858,B-17,2026-05-05,09:00:00,17:00:00
E-862,B-17,2026-05-05,08:00:00,16:00:00
E-865,B-17,2026-05-05,09:00:00,17:00:00
E-868,B-17,2026-05-05,14:00:00,22:00:00
E-871,B-17,2026-05-05,08:00:00,16:00:00
E-872,B-17,2026-05-05,22:00:00,06:00:00
E-873,B-17,2026-05-05,12:00:00,20:00:00
E-874,B-17,2026-05-05,06:00:00,14:00:00
E-876,B-17,2026-05-05,06:00:00,14:00:00
E-877,B-17,2026-05-05,12:00:00,20:00:00
E-283,B-08,2026-05-05,12:00:00,20:00:00
E-338,B-08,2026-05-05,06:00:00,14:00:00
E-879,B-08,2026-05-05,12:00:00,20:00:00
E-880,B-08,2026-05-05,08:00:00,16:00:00
E-883,B-08,2026-05-05,08:00:00,16:00:00
E-883,B-08,2026-05-05,17:00:00,21:00:00
E-884,B-08,2026-05-05,14:00:00,22:00:00
E-885,B-08,2026-05-05,22:00:00,06:00:00
E-887,B-08,2026-05-05,22:00:00,06:00:00
E-890,B-08,2026-05-05,08:00:00,16:00:00
E-894,B-08,2026-05-05,08:00:00,16:00:00
E-895,B-08,2026-05-05,09:00:00,17:00:00
E-899,B-08,2026-05-05,06:00:00,14:00:00
E-901,B-08,2026-05-05,09:00:00,17:00:00
E-901,B-08,2026-05-05,18:00:00,22:00:00
E-903,B-08,2026-05-05,06:00:00,14:00:00
E-906,B-08,2026-05-05,22:00:00,06:00:00
E-908,B-08,2026-05-05,12:00:00,20:00:00
E-911,B-08,2026-05-05,08:00:00,16:00:00
E-912,B-08,2026-05-05,08:00:00,16:00:00
E-914,B-08,2026-05-05,06:00:00,14:00:00
E-916,B-08,2026-05-05,08:00:00,16:00:00
E-917,B-08,2026-05-05,22:00:00,06:00:00
E-919,B-08,2026-05-05,08:00:00,16:00:00
E-921,B-08,2026-05-05,12:00:00,20:00:00
E-923,B-08,2026-05-05,09:00:00,17:00:00
E-924,B-08,2026-05-05,22:00:00,06:00:00
E-924,B-08,2026-05-05,07:00:00,11:00:00
E-925,B-08,2026-05-05,08:00:00,16:00:00
E-927,B-08,2026-05-05,22:00:00,06:00:00
E-928,B-08,2026-05-05,09:00:00,17:00:00
E-929,B-08,2026-05-05,09:00:00,17:00:00
E-930,B-08,2026-05-05,22:00:00,06:00:00
E-506,B-09,2026-05-05,08:00:00,16:00:00
E-937,B-09,2026-05-05,08:00:00,16:00:00
E-940,B-09,2026-05-05,22:00:00,06:00:00
E-944,B-09,2026-05-05,22:00:00,06:00:00
E-946,B-09,2026-05-05,06:00:00,14:00:00
E-946,B-09,2026-05-05,15:00:00,19:00:00
E-949,B-09,2026-05-05,12:00:00,20:00:00
E-951,B-09,2026-05-05,09:00:00,17:00:00
E-953,B-09,2026-05-05,08:00:00,16:00:00
E-954,B-09,2026-05-05,09:00:00,17:00:00
E-955,B-09,2026-05-05,14:00:00,22:00:00
E-956,B-09,2026-05-05,14:00:00,22:00:00
E-956,B-09,2026-05-05,23:00:00,03:00:00
E-963,B-09,2026-05-05,09:00:00,17:00:00
E-966,B-04,2026-05-05,12:00:00,20:00:00
E-968,B-04,2026-05-05,12:00:00,20:00:00
E-968,B-04,2026-05-05,21:00:00,01:00:00
E-970,B-04,2026-05-05,09:00:00,17:00:00
E-971,B-04,2026-05-05,14:00:00,22:00:00
E-972,B-04,2026-05-05,08:00:00,16:00:00
E-974,B-04,2026-05-05,08:00:00,16:00:00
E-975,B-04,2026-05-05,08:00:00,16:00:00
E-975,B-04,2026-05-05,17:00:00,21:00:00
E-983,B-04,2026-05-05,14:00:00,22:00:00
E-984,B-04,2026-05-05,22:00:00,06:00:00
E-989,B-02,2026-05-05,09:00:00,17:00:00
E-990,B-02,2026-05-05,12:00:00,20:00:00
E-992,B-02,2026-05-05,06:00:00,14:00:00
E-995,B-02,2026-05-05,08:00:00,16:00:00
E-997,B-02,2026-05-05,06:00:00,14:00:00
E-998,B-02,2026-05-05,22:00:00,06:00:00
E-998,B-02,2026-05-05,07:00:00,11:00:00
E-999,B-01,2026-05-05,08:00:00,16:00:00
E-1001,B-01,2026-05-05,09:00:00,17:00:00
E-1004,B-01,2026-05-05,08:00:00,16:00:00
E-1005,B-01,2026-05-05,08:00:00,16:00:00
E-1007,B-20,2026-05-05,14:00:00,22:00:00
E-1009,B-20,2026-05-05,14:00:00,22:00:00
E-1011,B-20,2026-05-05,08:00:00,16:00:00
E-1012,B-20,2026-05-05,14:00:00,22:00:00
E-1017,B-20,2026-05-05,08:00:00,16:00:00
E-1021,B-20,2026-05-05,08:00:00,16:00:00
E-1021,B-20,2026-05-05,17:00:00,21:00:00
E-1025,B-20,2026-05-05,22:00:00,06:00:00
E-1027,B-20,2026-05-05,06:00:00,14:00:00
E-1028,B-20,2026-05-05,09:00:00,17:00:00
E-1029,B-20,2026-05-05,08:00:00,16:00:00
E-1030,B-20,2026-05-05,12:00:00,20:00:00
E-1032,B-20,2026-05-05,14:00:00,22:00:00
E-1033,B-20,2026-05-05,06:00:00,14:00:00
E-1035,B-20,2026-05-05,08:00:00,16:00:00
E-1042,B-20,2026-05-05,14:00:00,22:00:00
E-1043,B-20,2026-05-05,08:00:00,16:00:00
E-1045,B-20,2026-05-05,14:00:00,22:00:00
E-1049,B-20,2026-05-05,08:00:00,16:00:00
E-1051,B-20,2026-05-05,09:00:00,17:00:00
E-1058,B-20,2026-05-05,09:00:00,17:00:00
E-1059,B-20,2026-05-05,09:00:00,17:00:00
E-1061,B-20,2026-05-05,06:00:00,14:00:00
E-1062,B-20,2026-05-05,22:00:00,06:00:00
E-1062,B-20,2026-05-05,07:00:00,11:00:00
E-1063,B-20,2026-05-05,08:00:00,16:00:00
E-1064,B-20,2026-05-05,06:00:00,14:00:00
E-1065,B-21,2026-05-05,09:00:00,17:00:00
E-1066,B-21,2026-05-05,06:00:00,14:00:00
E-1067,B-21,2026-05-05,06:00:00,14:00:00
E-1071,B-21,2026-05-05,09:00:00,17:00:00
E-1073,B-21,2026-05-05,08:00:00,16:00:00
E-1073,B-21,2026-05-05,17:00:00,21:00:00
E-1076,B-21,2026-05-05,08:00:00,16:00:00
E-1077,B-21,2026-05-05,08:00:00,16:00:00
E-1078,B-21,2026-05-05,06:00:00,14:00:00
E-1080,B-21,2026-05-05,09:00:00,17:00:00
E-1083,B-21,2026-05-05,09:00:00,17:00:00
E-1085,B-21,2026-05-05,14:00:00,22:00:00
E-1090,B-21,2026-05-05,06:00:00,14:00:00
E-1095,B-21,2026-05-05,22:00:00,06:00:00
E-1098,B-21,2026-05-05,08:00:00,16:00:00
E-1100,B-21,2026-05-05,09:00:00,17:00:00
E-1101,B-21,2026-05-05,08:00:00,16:00:00
E-1102,B-21,2026-05-05,08:00:00,16:00:00
E-1103,B-21,2026-05-05,09:00:00,17:00:00
E-1104,B-21,2026-05-05,06:00:00,14:00:00
E-1105,B-21,2026-05-05,06:00:00,14:00:00
E-1108,B-21,2026-05-05,22:00:00,06:00:00
E-1108,B-21,2026-05-05,07:00:00,11:00:00
E-1111,B-21,2026-05-05,09:00:00,17:00:00
E-1112,B-21,2026-05-05,08:00:00,16:00:00
E-1113,B-21,2026-05-05,09:00:00,17:00:00
E-1113,B-21,2026-05-05,18:00:00,22:00:00
E-1114,B-21,2026-05-05,06:00:00,14:00:00
E-1115,B-21,2026-05-05,14:00:00,22:00:00
E-1117,B-21,2026-05-05,08:00:00,16:00:00
E-1119,B-21,2026-05-05,22:00:00,06:00:00
E-1121,B-21,2026-05-05,08:00:00,16:00:00
E-1122,B-21,2026-05-05,14:00:00,22:00:00
E-1125,B-22,2026-05-05,06:00:00,14:00:00
E-1126,B-22,2026-05-05,08:00:00,16:00:00
E-1133,B-22,2026-05-05,08:00:00,16:00:00
E-1134,B-22,2026-05-05,22:00:00,06:00:00
E-1136,B-22,2026-05-05,22:00:00,06:00:00
E-1137,B-22,2026-05-05,14:00:00,22:00:00
E-1138,B-22,2026-05-05,12:00:00,20:00:00
E-1139,B-22,2026-05-05,22:00:00,06:00:00
E-1142,B-22,2026-05-05,14:00:00,22:00:00
E-1146,B-22,2026-05-05,12:00:00,20:00:00
E-1147,B-22,2026-05-05,22:00:00,06:00:00
E-1153,B-22,2026-05-05,09:00:00,17:00:00
E-1155,B-22,2026-05-05,06:00:00,14:00:00
E-1156,B-22,2026-05-05,22:00:00,06:00:00
E-1158,B-22,2026-05-05,08:00:00,16:00:00
E-1159,B-22,2026-05-05,08:00:00,16:00:00
E-1162,B-22,2026-05-05,06:00:00,14:00:00
E-1163,B-22,2026-05-05,08:00:00,16:00:00
E-1164,B-22,2026-05-05,06:00:00,14:00:00
E-1166,B-22,2026-05-05,09:00:00,17:00:00
E-1170,B-22,2026-05-05,12:00:00,20:00:00
E-1174,B-22,2026-05-05,06:00:00,14:00:00
E-1178,B-22,2026-05-05,06:00:00,14:00:00
E-1179,B-22,2026-05-05,12:00:00,20:00:00
E-1180,B-22,2026-05-05,14:00:00,22:00:00
E-1181,B-22,2026-05-05,12:00:00,20:00:00
E-1183,B-22,2026-05-05,06:00:00,14:00:00
E-1185,B-22,2026-05-05,08:00:00,16:00:00
E-1186,B-22,2026-05-05,06:00:00,14:00:00
E-1187,B-22,2026-05-05,06:00:00,14:00:00
E-1189,B-22,2026-05-05,09:00:00,17:00:00
E-1189,B-22,2026-05-05,18:00:00,22:00:00
E-1191,B-22,2026-05-05,14:00:00,22:00:00
E-1194,B-23,2026-05-05,09:00:00,17:00:00
E-1197,B-23,2026-05-05,09:00:00,17:00:00
E-1200,B-23,2026-05-05,14:00:00,22:00:00
E-1201,B-23,2026-05-05,08:00:00,16:00:00
E-1202,B-23,2026-05-05,22:00:00,06:00:00
E-1204,B-23,2026-05-05,06:00:00,14:00:00
E-1206,B-23,2026-05-05,12:00:00,20:00:00
E-1207,B-23,2026-05-05,06:00:00,14:00:00
E-1208,B-23,2026-05-05,12:00:00,20:00:00
E-1209,B-23,2026-05-05,14:00:00,22:00:00
E-1212,B-23,2026-05-05,08:00:00,16:00:00
E-1214,B-23,2026-05-05,22:00:00,06:00:00
E-1215,B-23,2026-05-05,22:00:00,06:00:00
E-1216,B-23,2026-05-05,22:00:00,06:00:00
E-1217,B-23,2026-05-05,14:00:00,22:00:00
E-1218,B-23,2026-05-05,12:00:00,20:00:00
E-1219,B-23,2026-05-05,09:00:00,17:00:00
E-1224,B-23,2026-05-05,06:00:00,14:00:00
E-1225,B-23,2026-05-05,12:00:00,20:00:00
E-1226,B-23,2026-05-05,22:00:00,06:00:00
E-1227,B-23,2026-05-05,06:00:00,14:00:00
E-1229,B-23,2026-05-05,08:00:00,16:00:00
E-1230,B-23,2026-05-05,08:00:00,16:00:00
E-1232,B-23,2026-05-05,12:00:00,20:00:00
E-1233,B-23,2026-05-05,08:00:00,16:00:00
E-1233,B-23,2026-05-05,17:00:00,21:00:00
E-1236,B-23,2026-05-05,08:00:00,16:00:00
E-1238,B-23,2026-05-05,12:00:00,20:00:00
E-1239,B-23,2026-05-05,09:00:00,17:00:00
E-1240,B-23,2026-05-05,14:00:00,22:00:00
E-1241,B-23,2026-05-05,14:00:00,22:00:00
E-1242,B-23,2026-05-05,12:00:00,20:00:00
E-1250,B-23,2026-05-05,22:00:00,06:00:00
E-1256,B-23,2026-05-05,06:00:00,14:00:00
E-1259,B-23,2026-05-05,06:00:00,14:00:00
E-1268,B-24,2026-05-05,08:00:00,16:00:00
E-1269,B-24,2026-05-05,09:00:00,17:00:00
E-1270,B-24,2026-05-05,14:00:00,22:00:00
E-1273,B-24,2026-05-05,09:00:00,17:00:00
E-1274,B-24,2026-05-05,22:00:00,06:00:00
E-1275,B-24,2026-05-05,08:00:00,16:00:00
E-1276,B-24,2026-05-05,22:00:00,06:00:00
E-1276,B-24,2026-05-05,07:00:00,11:00:00
E-1277,B-24,2026-05-05,09:00:00,17:00:00
E-1278,B-24,2026-05-05,14:00:00,22:00:00
E-1279,B-24,2026-05-05,08:00:00,16:00:00
E-1280,B-24,2026-05-05,14:00:00,22:00:00
E-1282,B-24,2026-05-05,22:00:00,06:00:00
E-1285,B-24,2026-05-05,06:00:00,14:00:00
E-1286,B-24,2026-05-05,09:00:00,17:00:00
E-1288,B-24,2026-05-05,08:00:00,16:00:00
E-1289,B-24,2026-05-05,12:00:00,20:00:00
E-1290,B-24,2026-05-05,08:00:00,16:00:00
E-1292,B-24,2026-05-05,22:00:00,06:00:00
E-1295,B-24,2026-05-05,08:00:00,16:00:00
E-1297,B-24,2026-05-05,09:00:00,17:00:00
E-1300,B-24,2026-05-05,09:00:00,17:00:00
E-1301,B-24,2026-05-05,06:00:00,14:00:00
E-1302,B-24,2026-05-05,06:00:00,14:00:00
E-1303,B-24,2026-05-05,08:00:00,16:00:00
E-1306,B-24,2026-05-05,08:00:00,16:00:00
E-1307,B-24,2026-05-05,08:00:00,16:00:00
E-1308,B-24,2026-05-05,08:00:00,16:00:00
E-1310,B-24,2026-05-05,12:00:00,20:00:00
E-1324,B-24,2026-05-05,06:00:00,14:00:00
E-1327,B-24,2026-05-05,08:00:00,16:00:00
E-1328,B-24,2026-05-05,06:00:00,14:00:00
E-1329,B-25,2026-05-05,06:00:00,14:00:00
E-1331,B-25,2026-05-05,09:00:00,17:00:00
E-1333,B-25,2026-05-05,09:00:00,17:00:00
E-1334,B-25,2026-05-05,08:00:00,16:00:00
E-1335,B-25,2026-05-05,08:00:00,16:00:00
E-1336,B-25,2026-05-05,08:00:00,16:00:00
E-1339,B-25,2026-05-05,08:00:00,16:00:00
E-1341,B-25,2026-05-05,09:00:00,17:00:00
E-1343,B-25,2026-05-05,08:00:00,16:00:00
E-1344,B-25,2026-05-05,06:00:00,14:00:00
E-1345,B-25,2026-05-05,14:00:00,22:00:00
E-1347,B-25,2026-05-05,06:00:00,14:00:00
E-1349,B-25,2026-05-05,06:00:00,14:00:00
E-1350,B-25,2026-05-05,12:00:00,20:00:00
E-1354,B-25,2026-05-05,22:00:00,06:00:00
E-1354,B-25,2026-05-05,07:00:00,11:00:00
E-1356,B-25,2026-05-05,12:00:00,20:00:00
E-1357,B-25,2026-05-05,06:00:00,14:00:00
E-1360,B-25,2026-05-05,09:00:00,17:00:00
E-1361,B-25,2026-05-05,08:00:00,16:00:00
E-1365,B-25,2026-05-05,09:00:00,17:00:00
E-1367,B-25,2026-05-05,14:00:00,22:00:00
E-1369,B-25,2026-05-05,09:00:00,17:00:00
E-1370,B-25,2026-05-05,06:00:00,14:00:00
E-1372,B-25,2026-05-05,14:00:00,22:00:00
E-1373,B-25,2026-05-05,12:00:00,20:00:00
E-1375,B-25,2026-05-05,09:00:00,17:00:00
E-1376,B-25,2026-05-05,12:00:00,20:00:00
E-1382,B-25,2026-05-05,12:00:00,20:00:00
E-1385,B-25,2026-05-05,14:00:00,22:00:00
E-1389,B-25,2026-05-05,08:00:00,16:00:00
E-1390,B-25,2026-05-05,06:00:00,14:00:00
E-1391,B-25,2026-05-05,12:00:00,20:00:00
E-1392,B-26,2026-05-05,08:00:00,16:00:00
E-1395,B-26,2026-05-05,14:00:00,22:00:00
E-1396,B-26,2026-05-05,06:00:00,14:00:00
E-1397,B-26,2026-05-05,06:00:00,14:00:00
E-1399,B-26,2026-05-05,14:00:00,22:00:00
E-1401,B-26,2026-05-05,08:00:00,16:00:00
E-1403,B-26,2026-05-05,22:00:00,06:00:00
E-1408,B-26,2026-05-05,22:00:00,06:00:00
E-1409,B-26,2026-05-05,06:00:00,14:00:00
E-1411,B-26,2026-05-05,08:00:00,16:00:00
E-1412,B-26,2026-05-05,08:00:00,16:00:00
E-1412,B-26,2026-05-05,17:00:00,21:00:00
E-1415,B-26,2026-05-05,09:00:00,17:00:00
E-1416,B-26,2026-05-05,12:00:00,20:00:00
E-1418,B-26,2026-05-05,06:00:00,14:00:00
E-1419,B-26,2026-05-05,14:00:00,22:00:00
E-1422,B-26,2026-05-05,09:00:00,17:00:00
E-1422,B-26,2026-05-05,18:00:00,22:00:00
E-1424,B-27,2026-05-05,12:00:00,20:00:00
E-1425,B-27,2026-05-05,08:00:00,16:00:00
E-1426,B-27,2026-05-05,08:00:00,16:00:00
E-1427,B-27,2026-05-05,09:00:00,17:00:00
E-1428,B-27,2026-05-05,06:00:00,14:00:00
E-1429,B-27,2026-05-05,09:00:00,17:00:00
E-1431,B-27,2026-05-05,12:00:00,20:00:00
E-1434,B-27,2026-05-05,12:00:00,20:00:00
E-1435,B-27,2026-05-05,12:00:00,20:00:00
E-1436,B-27,2026-05-05,14:00:00,22:00:00
E-1440,B-27,2026-05-05,22:00:00,06:00:00
E-1441,B-27,2026-05-05,14:00:00,22:00:00
E-1442,B-27,2026-05-05,08:00:00,16:00:00
E-1442,B-27,2026-05-05,17:00:00,21:00:00
E-1443,B-27,2026-05-05,08:00:00,16:00:00
E-1447,B-27,2026-05-05,22:00:00,06:00:00
E-1448,B-27,2026-05-05,06:00:00,14:00:00
E-1451,B-27,2026-05-05,22:00:00,06:00:00
E-1453,B-27,2026-05-05,08:00:00,16:00:00
E-1455,B-27,2026-05-05,08:00:00,16:00:00
E-1456,B-28,2026-05-05,14:00:00,22:00:00
E-1458,B-28,2026-05-05,12:00:00,20:00:00
E-1461,B-28,2026-05-05,14:00:00,22:00:00
E-1464,B-28,2026-05-05,14:00:00,22:00:00
E-1465,B-28,2026-05-05,12:00:00,20:00:00
E-1468,B-28,2026-05-05,12:00:00,20:00:00
E-1470,B-28,2026-05-05,09:00:00,17:00:00
E-1476,B-28,2026-05-05,08:00:00,16:00:00
E-1476,B-28,2026-05-05,17:00:00,21:00:00
E-1479,B-28,2026-05-05,22:00:00,06:00:00
E-1480,B-28,2026-05-05,22:00:00,06:00:00
E-1484,B-28,2026-05-05,14:00:00,22:00:00
E-1485,B-29,2026-05-05,09:00:00,17:00:00
E-1486,B-29,2026-05-05,06:00:00,14:00:00
E-1487,B-29,2026-05-05,09:00:00,17:00:00
E-1489,B-29,2026-05-05,09:00:00,17:00:00
E-1494,B-29,2026-05-05,08:00:00,16:00:00
E-1497,B-29,2026-05-05,08:00:00,16:00:00
E-1498,B-29,2026-05-05,08:00:00,16:00:00
E-1499,B-29,2026-05-05,09:00:00,17:00:00
E-1500,B-29,2026-05-05,06:00:00,14:00:00
E-1502,B-29,2026-05-05,08:00:00,16:00:00
E-1503,B-29,2026-05-05,09:00:00,17:00:00
E-1506,B-29,2026-05-05,12:00:00,20:00:00
E-1508,B-29,2026-05-05,12:00:00,20:00:00
E-1510,B-29,2026-05-05,14:00:00,22:00:00
E-1510,B-29,2026-05-05,23:00:00,03:00:00
E-1513,B-29,2026-05-05,08:00:00,16:00:00
E-1514,B-29,2026-05-05,14:00:00,22:00:00
E-1515,B-29,2026-05-05,08:00:00,16:00:00
E-1516,B-29,2026-05-05,14:00:00,22:00:00
E-1518,B-29,2026-05-05,06:00:00,14:00:00
E-1520,B-30,2026-05-05,06:00:00,14:00:00
E-1521,B-30,2026-05-05,08:00:00,16:00:00
E-1522,B-30,2026-05-05,06:00:00,14:00:00
E-1524,B-30,2026-05-05,22:00:00,06:00:00
E-1526,B-30,2026-05-05,12:00:00,20:00:00
E-1532,B-30,2026-05-05,22:00:00,06:00:00
E-1533,B-30,2026-05-05,14:00:00,22:00:00
E-1536,B-30,2026-05-05,06:00:00,14:00:00
E-1537,B-30,2026-05-05,08:00:00,16:00:00
E-1538,B-30,2026-05-05,08:00:00,16:00:00
E-1539,B-30,2026-05-05,09:00:00,17:00:00
E-1540,B-30,2026-05-05,12:00:00,20:00:00
E-1542,B-30,2026-05-05,06:00:00,14:00:00
E-1543,B-30,2026-05-05,09:00:00,17:00:00
E-1544,B-30,2026-05-05,12:00:00,20:00:00
E-1545,B-30,2026-05-05,12:00:00,20:00:00
E-1551,B-30,2026-05-05,06:00:00,14:00:00
E-204,B-17,2026-05-06,08:00:00,16:00:00
E-311,B-17,2026-05-06,08:00:00,16:00:00
E-118,B-17,2026-05-06,12:00:00,20:00:00
E-247,B-17,2026-05-06,08:00:00,16:00:00
E-402,B-17,2026-05-06,09:00:00,17:00:00
E-800,B-17,2026-05-06,12:00:00,20:00:00
E-801,B-17,2026-05-06,14:00:00,22:00:00
E-802,B-17,2026-05-06,22:00:00,06:00:00
E-808,B-17,2026-05-06,12:00:00,20:00:00
E-811,B-17,2026-05-06,06:00:00,14:00:00
E-812,B-17,2026-05-06,12:00:00,20:00:00
E-813,B-17,2026-05-06,08:00:00,16:00:00
E-816,B-17,2026-05-06,08:00:00,16:00:00
E-817,B-17,2026-05-06,06:00:00,14:00:00
E-819,B-17,2026-05-06,14:00:00,22:00:00
E-822,B-17,2026-05-06,09:00:00,17:00:00
E-823,B-17,2026-05-06,06:00:00,14:00:00
E-824,B-17,2026-05-06,06:00:00,14:00:00
E-831,B-17,2026-05-06,06:00:00,14:00:00
E-832,B-17,2026-05-06,06:00:00,14:00:00
E-835,B-17,2026-05-06,08:00:00,16:00:00
E-836,B-17,2026-05-06,08:00:00,16:00:00
E-838,B-17,2026-05-06,14:00:00,22:00:00
E-839,B-17,2026-05-06,12:00:00,20:00:00
E-841,B-17,2026-05-06,14:00:00,22:00:00
E-847,B-17,2026-05-06,09:00:00,17:00:00
E-848,B-17,2026-05-06,12:00:00,20:00:00
E-849,B-17,2026-05-06,08:00:00,16:00:00
E-850,B-17,2026-05-06,06:00:00,14:00:00
E-852,B-17,2026-05-06,08:00:00,16:00:00
E-853,B-17,2026-05-06,14:00:00,22:00:00
E-854,B-17,2026-05-06,08:00:00,16:00:00
E-864,B-17,2026-05-06,22:00:00,06:00:00
E-865,B-17,2026-05-06,09:00:00,17:00:00
E-866,B-17,2026-05-06,12:00:00,20:00:00
E-868,B-17,2026-05-06,06:00:00,14:00:00
E-869,B-17,2026-05-06,06:00:00,14:00:00
E-871,B-17,2026-05-06,14:00:00,22:00:00
E-872,B-17,2026-05-06,08:00:00,16:00:00
E-874,B-17,2026-05-06,22:00:00,06:00:00
E-876,B-17,2026-05-06,09:00:00,17:00:00
E-129,B-08,2026-05-06,22:00:00,06:00:00
E-878,B-08,2026-05-06,08:00:00,16:00:00
E-879,B-08,2026-05-06,12:00:00,20:00:00
E-880,B-08,2026-05-06,08:00:00,16:00:00
E-881,B-08,2026-05-06,08:00:00,16:00:00
E-884,B-08,2026-05-06,22:00:00,06:00:00
E-885,B-08,2026-05-06,12:00:00,20:00:00
E-885,B-08,2026-05-06,21:00:00,01:00:00
E-886,B-08,2026-05-06,08:00:00,16:00:00
E-887,B-08,2026-05-06,09:00:00,17:00:00
E-888,B-08,2026-05-06,12:00:00,20:00:00
E-890,B-08,2026-05-06,12:00:00,20:00:00
E-891,B-08,2026-05-06,08:00:00,16:00:00
E-892,B-08,2026-05-06,12:00:00,20:00:00
E-893,B-08,2026-05-06,09:00:00,17:00:00
E-894,B-08,2026-05-06,14:00:00,22:00:00
E-895,B-08,2026-05-06,08:00:00,16:00:00
E-896,B-08,2026-05-06,09:00:00,17:00:00
E-897,B-08,2026-05-06,14:00:00,22:00:00
E-898,B-08,2026-05-06,14:00:00,22:00:00
E-900,B-08,2026-05-06,06:00:00,14:00:00
E-901,B-08,2026-05-06,06:00:00,14:00:00
E-906,B-08,2026-05-06,08:00:00,16:00:00
E-906,B-08,2026-05-06,17:00:00,21:00:00
E-907,B-08,2026-05-06,12:00:00,20:00:00
E-908,B-08,2026-05-06,14:00:00,22:00:00
E-909,B-08,2026-05-06,08:00:00,16:00:00
E-911,B-08,2026-05-06,08:00:00,16:00:00
E-912,B-08,2026-05-06,14:00:00,22:00:00
E-913,B-08,2026-05-06,08:00:00,16:00:00
E-914,B-08,2026-05-06,22:00:00,06:00:00
E-915,B-08,2026-05-06,22:00:00,06:00:00
E-917,B-08,2026-05-06,06:00:00,14:00:00
E-923,B-08,2026-05-06,06:00:00,14:00:00
E-924,B-08,2026-05-06,08:00:00,16:00:00
E-925,B-08,2026-05-06,22:00:00,06:00:00
E-926,B-08,2026-05-06,08:00:00,16:00:00
E-927,B-08,2026-05-06,06:00:00,14:00:00
E-930,B-08,2026-05-06,12:00:00,20:00:00
E-934,B-08,2026-05-06,06:00:00,14:00:00
E-517,B-09,2026-05-06,12:00:00,20:00:00
E-937,B-09,2026-05-06,08:00:00,16:00:00
E-941,B-09,2026-05-06,08:00:00,16:00:00
E-942,B-09,2026-05-06,06:00:00,14:00:00
E-943,B-09,2026-05-06,06:00:00,14:00:00
E-945,B-09,2026-05-06,08:00:00,16:00:00
E-946,B-09,2026-05-06,06:00:00,14:00:00
E-948,B-09,2026-05-06,09:00:00,17:00:00
E-949,B-09,2026-05-06,09:00:00,17:00:00
E-952,B-09,2026-05-06,06:00:00,14:00:00
E-952,B-09,2026-05-06,15:00:00,19:00:00
E-956,B-09,2026-05-06,08:00:00,16:00:00
E-957,B-09,2026-05-06,14:00:00,22:00:00
E-963,B-09,2026-05-06,08:00:00,16:00:00
E-964,B-09,2026-05-06,22:00:00,06:00:00
E-533,B-04,2026-05-06,22:00:00,06:00:00
E-967,B-04,2026-05-06,08:00:00,16:00:00
E-968,B-04,2026-05-06,06:00:00,14:00:00
E-971,B-04,2026-05-06,08:00:00,16:00:00
E-972,B-04,2026-05-06,08:00:00,16:00:00
E-974,B-04,2026-05-06,08:00:00,16:00:00
E-977,B-04,2026-05-06,06:00:00,14:00:00
E-980,B-04,2026-05-06,06:00:00,14:00:00
E-981,B-04,2026-05-06,12:00:00,20:00:00
E-983,B-04,2026-05-06,09:00:00,17:00:00
E-985,B-04,2026-05-06,12:00:00,20:00:00
E-987,B-04,2026-05-06,08:00:00,16:00:00
E-561,B-02,2026-05-06,09:00:00,17:00:00
E-988,B-02,2026-05-06,09:00:00,17:00:00
E-989,B-02,2026-05-06,12:00:00,20:00:00
E-990,B-02,2026-05-06,09:00:00,17:00:00
E-991,B-02,2026-05-06,14:00:00,22:00:00
E-994,B-02,2026-05-06,22:00:00,06:00:00
E-995,B-02,2026-05-06,22:00:00,06:00:00
E-996,B-02,2026-05-06,12:00:00,20:00:00
E-997,B-02,2026-05-06,08:00:00,16:00:00
E-574,B-01,2026-05-06,08:00:00,16:00:00
E-588,B-01,2026-05-06,08:00:00,16:00:00
E-999,B-01,2026-05-06,12:00:00,20:00:00
E-1000,B-01,2026-05-06,14:00:00,22:00:00
E-1003,B-01,2026-05-06,06:00:00,14:00:00
E-1006,B-20,2026-05-06,22:00:00,06:00:00
E-1008,B-20,2026-05-06,08:00:00,16:00:00
E-1008,B-20,2026-05-06,17:00:00,21:00:00
E-1010,B-20,2026-05-06,09:00:00,17:00:00
E-1010,B-20,2026-05-06,18:00:00,22:00:00
E-1011,B-20,2026-05-06,06:00:00,14:00:00
E-1012,B-20,2026-05-06,06:00:00,14:00:00
E-1013,B-20,2026-05-06,22:00:00,06:00:00
E-1017,B-20,2026-05-06,12:00:00,20:00:00
E-1018,B-20,2026-05-06,14:00:00,22:00:00
E-1020,B-20,2026-05-06,08:00:00,16:00:00
E-1021,B-20,2026-05-06,09:00:00,17:00:00
E-1022,B-20,2026-05-06,09:00:00,17:00:00
E-1024,B-20,2026-05-06,08:00:00,16:00:00
E-1027,B-20,2026-05-06,06:00:00,14:00:00
E-1029,B-20,2026-05-06,09:00:00,17:00:00
E-1031,B-20,2026-05-06,22:00:00,06:00:00
E-1032,B-20,2026-05-06,22:00:00,06:00:00
E-1033,B-20,2026-05-06,08:00:00,16:00:00
E-1034,B-20,2026-05-06,12:00:00,20:00:00
E-1035,B-20,2026-05-06,12:00:00,20:00:00
E-1036,B-20,2026-05-06,08:00:00,16:00:00
E-1037,B-20,2026-05-06,12:00:00,20:00:00
E-1039,B-20,2026-05-06,08:00:00,16:00:00
E-1041,B-20,2026-05-06,06:00:00,14:00:00
E-1042,B-20,2026-05-06,14:00:00,22:00:00
E-1045,B-20,2026-05-06,12:00:00,20:00:00
E-1047,B-20,2026-05-06,06:00:00,14:00:00
E-1048,B-20,2026-05-06,22:00:00,06:00:00
E-1049,B-20,2026-05-06,12:00:00,20:00:00
E-1050,B-20,2026-05-06,08:00:00,16:00:00
E-1051,B-20,2026-05-06,09:00:00,17:00:00
E-1053,B-20,2026-05-06,08:00:00,16:00:00
E-1059,B-20,2026-05-06,06:00:00,14:00:00
E-1060,B-20,2026-05-06,12:00:00,20:00:00
E-1061,B-20,2026-05-06,12:00:00,20:00:00
E-1062,B-20,2026-05-06,09:00:00,17:00:00
E-1063,B-20,2026-05-06,14:00:00,22:00:00
E-1065,B-21,2026-05-06,09:00:00,17:00:00
E-1073,B-21,2026-05-06,12:00:00,20:00:00
E-1075,B-21,2026-05-06,14:00:00,22:00:00
E-1075,B-21,2026-05-06,23:00:00,03:00:00
E-1076,B-21,2026-05-06,09:00:00,17:00:00
E-1078,B-21,2026-05-06,08:00:00,16:00:00
E-1079,B-21,2026-05-06,08:00:00,16:00:00
E-1080,B-21,2026-05-06,14:00:00,22:00:00
E-1088,B-21,2026-05-06,12:00:00,20:00:00
E-1091,B-21,2026-05-06,14:00:00,22:00:00
E-1093,B-21,2026-05-06,08:00:00,16:00:00
E-1094,B-21,2026-05-06,08:00:00,16:00:00
E-1097,B-21,2026-05-06,14:00:00,22:00:00
E-1100,B-21,2026-05-06,14:00:00,22:00:00
E-1101,B-21,2026-05-06,08:00:00,16:00:00
E-1103,B-21,2026-05-06,14:00:00,22:00:00
E-1104,B-21,2026-05-06,12:00:00,20:00:00
E-1108,B-21,2026-05-06,14:00:00,22:00:00
E-1109,B-21,2026-05-06,14:00:00,22:00:00
E-1117,B-21,2026-05-06,14:00:00,22:00:00
E-1120,B-21,2026-05-06,08:00:00,16:00:00
E-1121,B-21,2026-05-06,12:00:00,20:00:00
E-1125,B-22,2026-05-06,09:00:00,17:00:00
E-1127,B-22,2026-05-06,14:00:00,22:00:00
E-1129,B-22,2026-05-06,12:00:00,20:00:00
E-1130,B-22,2026-05-06,08:00:00,16:00:00
E-1132,B-22,2026-05-06,06:00:00,14:00:00
E-1133,B-22,2026-05-06,12:00:00,20:00:00
E-1136,B-22,2026-05-06,06:00:00,14:00:00
E-1137,B-22,2026-05-06,08:00:00,16:00:00
E-1140,B-22,2026-05-06,22:00:00,06:00:00
E-1142,B-22,2026-05-06,09:00:00,17:00:00
E-1144,B-22,2026-05-06,14:00:00,22:00:00
E-1146,B-22,2026-05-06,22:00:00,06:00:00
E-1147,B-22,2026-05-06,22:00:00,06:00:00
E-1148,B-22,2026-05-06,22:00:00,06:00:00
E-1150,B-22,2026-05-06,22:00:00,06:00:00
E-1150,B-22,2026-05-06,07:00:00,11:00:00
E-1152,B-22,2026-05-06,08:00:00,16:00:00
E-1154,B-22,2026-05-06,08:00:00,16:00:00
E-1155,B-22,2026-05-06,08:00:00,16:00:00
E-1155,B-22,2026-05-06,17:00:00,21:00:00
E-1158,B-22,2026-05-06,06:00:00,14:00:00
E-1161,B-22,2026-05-06,06:00:00,14:00:00
E-1164,B-22,2026-05-06,09:00:00,17:00:00
E-1166,B-22,2026-05-06,08:00:00,16:00:00
E-1170,B-22,2026-05-06,08:00:00,16:00:00
E-1172,B-22,2026-05-06,12:00:00,20:00:00
E-1172,B-22,2026-05-06,21:00:00,01:00:00
E-1174,B-22,2026-05-06,08:00:00,16:00:00
E-1176,B-22,2026-05-06,22:00:00,06:00:00
E-1177,B-22,2026-05-06,14:00:00,22:00:00
E-1178,B-22,2026-05-06,09:00:00,17:00:00
E-1180,B-22,2026-05-06,09:00:00,17:00:00
E-1186,B-22,2026-05-06,12:00:00,20:00:00
E-1187,B-22,2026-05-06,08:00:00,16:00:00
E-1188,B-22,2026-05-06,08:00:00,16:00:00
E-1189,B-22,2026-05-06,06:00:00,14:00:00
E-1190,B-22,2026-05-06,14:00:00,22:00:00
E-1191,B-22,2026-05-06,09:00:00,17:00:00
E-1193,B-23,2026-05-06,09:00:00,17:00:00
E-1195,B-23,2026-05-06,12:00:00,20:00:00
E-1196,B-23,2026-05-06,08:00:00,16:00:00
E-1197,B-23,2026-05-06,14:00:00,22:00:00
E-1198,B-23,2026-05-06,06:00:00,14:00:00
E-1198,B-23,2026-05-06,15:00:00,19:00:00
E-1199,B-23,2026-05-06,06:00:00,14:00:00
E-1200,B-23,2026-05-06,12:00:00,20:00:00
E-1201,B-23,2026-05-06,14:00:00,22:00:00
E-1202,B-23,2026-05-06,22:00:00,06:00:00
E-1204,B-23,2026-05-06,12:00:00,20:00:00
E-1205,B-23,2026-05-06,09:00:00,17:00:00
E-1206,B-23,2026-05-06,08:00:00,16:00:00
E-1208,B-23,2026-05-06,09:00:00,17:00:00
E-1209,B-23,2026-05-06,12:00:00,20:00:00
E-1210,B-23,2026-05-06,09:00:00,17:00:00
E-1213,B-23,2026-05-06,08:00:00,16:00:00
E-1215,B-23,2026-05-06,12:00:00,20:00:00
E-1217,B-23,2026-05-06,22:00:00,06:00:00
E-1218,B-23,2026-05-06,06:00:00,14:00:00
E-1219,B-23,2026-05-06,08:00:00,16:00:00
E-1223,B-23,2026-05-06,08:00:00,16:00:00
E-1225,B-23,2026-05-06,08:00:00,16:00:00
E-1230,B-23,2026-05-06,22:00:00,06:00:00
E-1232,B-23,2026-05-06,14:00:00,22:00:00
E-1233,B-23,2026-05-06,06:00:00,14:00:00
E-1234,B-23,2026-05-06,12:00:00,20:00:00
E-1240,B-23,2026-05-06,14:00:00,22:00:00
E-1242,B-23,2026-05-06,06:00:00,14:00:00
E-1247,B-23,2026-05-06,22:00:00,06:00:00
E-1248,B-23,2026-05-06,09:00:00,17:00:00
E-1250,B-23,2026-05-06,06:00:00,14:00:00
E-1252,B-23,2026-05-06,06:00:00,14:00:00
E-1254,B-23,2026-05-06,14:00:00,22:00:00
E-1255,B-23,2026-05-06,09:00:00,17:00:00
E-1259,B-23,2026-05-06,09:00:00,17:00:00
E-1262,B-23,2026-05-06,14:00:00,22:00:00
E-1264,B-24,2026-05-06,14:00:00,22:00:00
E-1266,B-24,2026-05-06,08:00:00,16:00:00
E-1267,B-24,2026-05-06,09:00:00,17:00:00
E-1270,B-24,2026-05-06,06:00:00,14:00:00
E-1274,B-24,2026-05-06,09:00:00,17:00:00
E-1275,B-24,2026-05-06,09:00:00,17:00:00
E-1276,B-24,2026-05-06,08:00:00,16:00:00
E-1277,B-24,2026-05-06,22:00:00,06:00:00
E-1280,B-24,2026-05-06,12:00:00,20:00:00
E-1282,B-24,2026-05-06,14:00:00,22:00:00
E-1283,B-24,2026-05-06,08:00:00,16:00:00
E-1287,B-24,2026-05-06,22:00:00,06:00:00
E-1289,B-24,2026-05-06,06:00:00,14:00:00
E-1289,B-24,2026-05-06,15:00:00,19:00:00
E-1290,B-24,2026-05-06,14:00:00,22:00:00
E-1291,B-24,2026-05-06,08:00:00,16:00:00
E-1292,B-24,2026-05-06,06:00:00,14:00:00
E-1295,B-24,2026-05-06,14:00:00,22:00:00
E-1296,B-24,2026-05-06,08:00:00,16:00:00
E-1298,B-24,2026-05-06,22:00:00,06:00:00
E-1299,B-24,2026-05-06,12:00:00,20:00:00
E-1300,B-24,2026-05-06,08:00:00,16:00:00
E-1302,B-24,2026-05-06,08:00:00,16:00:00
E-1303,B-24,2026-05-06,12:00:00,20:00:00
E-1304,B-24,2026-05-06,09:00:00,17:00:00
E-1305,B-24,2026-05-06,22:00:00,06:00:00
E-1306,B-24,2026-05-06,14:00:00,22:00:00
E-1307,B-24,2026-05-06,06:00:00,14:00:00
E-1307,B-24,2026-05-06,15:00:00,19:00:00
E-1315,B-24,2026-05-06,08:00:00,16:00:00
E-1317,B-24,2026-05-06,09:00:00,17:00:00
E-1319,B-24,2026-05-06,06:00:00,14:00:00
E-1321,B-24,2026-05-06,08:00:00,16:00:00
E-1329,B-25,2026-05-06,09:00:00,17:00:00
E-1331,B-25,2026-05-06,14:00:00,22:00:00
E-1332,B-25,2026-05-06,12:00:00,20:00:00
E-1333,B-25,2026-05-06,12:00:00,20:00:00
E-1334,B-25,2026-05-06,12:00:00,20:00:00
E-1335,B-25,2026-05-06,12:00:00,20:00:00
E-1336,B-25,2026-05-06,08:00:00,16:00:00
E-1337,B-25,2026-05-06,06:00:00,14:00:00
E-1338,B-25,2026-05-06,09:00:00,17:00:00
E-1341,B-25,2026-05-06,08:00:00,16:00:00
E-1342,B-25,2026-05-06,08:00:00,16:00:00
E-1346,B-25,2026-05-06,12:00:00,20:00:00
E-1348,B-25,2026-05-06,08:00:00,16:00:00
E-1349,B-25,2026-05-06,08:00:00,16:00:00
E-1352,B-25,2026-05-06,06:00:00,14:00:00
E-1355,B-25,2026-05-06,06:00:00,14:00:00
E-1356,B-25,2026-05-06,08:00:00,16:00:00
E-1358,B-25,2026-05-06,12:00:00,20:00:00
E-1362,B-25,2026-05-06,06:00:00,14:00:00
E-1363,B-25,2026-05-06,08:00:00,16:00:00
E-1363,B-25,2026-05-06,17:00:00,21:00:00
E-1364,B-25,2026-05-06,09:00:00,17:00:00
E-1368,B-25,2026-05-06,22:00:00,06:00:00
E-1369,B-25,2026-05-06,06:00:00,14:00:00
E-1370,B-25,2026-05-06,12:00:00,20:00:00
E-1372,B-25,2026-05-06,08:00:00,16:00:00
E-1375,B-25,2026-05-06,09:00:00,17:00:00
E-1377,B-25,2026-05-06,08:00:00,16:00:00
E-1377,B-25,2026-05-06,17:00:00,21:00:00
E-1378,B-25,2026-05-06,08:00:00,16:00:00
E-1380,B-25,2026-05-06,06:00:00,14:00:00
E-1381,B-25,2026-05-06,08:00:00,16:00:00
E-1382,B-25,2026-05-06,09:00:00,17:00:00
E-1386,B-25,2026-05-06,12:00:00,20:00:00
E-1389,B-25,2026-05-06,08:00:00,16:00:00
E-1391,B-25,2026-05-06,22:00:00,06:00:00
E-1392,B-26,2026-05-06,12:00:00,20:00:00
E-1394,B-26,2026-05-06,08:00:00,16:00:00
E-1396,B-26,2026-05-06,09:00:00,17:00:00
E-1397,B-26,2026-05-06,12:00:00,20:00:00
E-1399,B-26,2026-05-06,08:00:00,16:00:00
E-1401,B-26,2026-05-06,22:00:00,06:00:00
E-1405,B-26,2026-05-06,14:00:00,22:00:00
E-1407,B-26,2026-05-06,22:00:00,06:00:00
E-1409,B-26,2026-05-06,22:00:00,06:00:00
E-1411,B-26,2026-05-06,06:00:00,14:00:00
E-1412,B-26,2026-05-06,06:00:00,14:00:00
E-1413,B-26,2026-05-06,08:00:00,16:00:00
E-1414,B-26,2026-05-06,09:00:00,17:00:00
E-1417,B-26,2026-05-06,22:00:00,06:00:00
E-1419,B-26,2026-05-06,14:00:00,22:00:00
E-1422,B-26,2026-05-06,12:00:00,20:00:00
E-1425,B-27,2026-05-06,08:00:00,16:00:00
E-1426,B-27,2026-05-06,06:00:00,14:00:00
E-1426,B-27,2026-05-06,15:00:00,19:00:00
E-1427,B-27,2026-05-06,22:00:00,06:00:00
E-1430,B-27,2026-05-06,12:00:00,20:00:00
E-1432,B-27,2026-05-06,06:00:00,14:00:00
E-1435,B-27,2026-05-06,14:00:00,22:00:00
E-1437,B-27,2026-05-06,06:00:00,14:00:00
E-1440,B-27,2026-05-06,06:00:00,14:00:00
E-1441,B-27,2026-05-06,14:00:00,22:00:00
E-1444,B-27,2026-05-06,08:00:00,16:00:00
E-1445,B-27,2026-05-06,09:00:00,17:00:00
E-1448,B-27,2026-05-06,22:00:00,06:00:00
E-1449,B-27,2026-05-06,12:00:00,20:00:00
E-1449,B-27,2026-05-06,21:00:00,01:00:00
E-1451,B-27,2026-05-06,08:00:00,16:00:00
E-1453,B-27,2026-05-06,22:00:00,06:00:00
E-1454,B-27,2026-05-06,12:00:00,20:00:00
E-1455,B-27,2026-05-06,12:00:00,20:00:00
E-1456,B-28,2026-05-06,06:00:00,14:00:00
E-1457,B-28,2026-05-06,08:00:00,16:00:00
E-1458,B-28,2026-05-06,08:00:00,16:00:00
E-1460,B-28,2026-05-06,08:00:00,16:00:00
E-1460,B-28,2026-05-06,17:00:00,21:00:00
E-1461,B-28,2026-05-06,08:00:00,16:00:00
E-1467,B-28,2026-05-06,08:00:00,16:00:00
E-1468,B-28,2026-05-06,08:00:00,16:00:00
E-1469,B-28,2026-05-06,08:00:00,16:00:00
E-1470,B-28,2026-05-06,06:00:00,14:00:00
E-1471,B-28,2026-05-06,22:00:00,06:00:00
E-1472,B-28,2026-05-06,08:00:00,16:00:00
E-1473,B-28,2026-05-06,08:00:00,16:00:00
E-1475,B-28,2026-05-06,14:00:00,22:00:00
E-1476,B-28,2026-05-06,08:00:00,16:00:00
E-1478,B-28,2026-05-06,22:00:00,06:00:00
E-1479,B-28,2026-05-06,08:00:00,16:00:00
E-1480,B-28,2026-05-06,08:00:00,16:00:00
E-1481,B-28,2026-05-06,14:00:00,22:00:00
E-1481,B-28,2026-05-06,23:00:00,03:00:00
E-1482,B-28,2026-05-06,09:00:00,17:00:00
E-1483,B-28,2026-05-06,08:00:00,16:00:00
E-1495,B-29,2026-05-06,12:00:00,20:00:00
E-1496,B-29,2026-05-06,08:00:00,16:00:00
E-1498,B-29,2026-05-06,08:00:00,16:00:00
E-1500,B-29,2026-05-06,22:00:00,06:00:00
E-1508,B-29,2026-05-06,08:00:00,16:00:00
E-1509,B-29,2026-05-06,06:00:00,14:00:00
E-1512,B-29,2026-05-06,12:00:00,20:00:00
E-1514,B-29,2026-05-06,22:00:00,06:00:00
E-1515,B-29,2026-05-06,22:00:00,06:00:00
E-1516,B-29,2026-05-06,06:00:00,14:00:00
E-1520,B-30,2026-05-06,22:00:00,06:00:00
E-1521,B-30,2026-05-06,06:00:00,14:00:00
E-1522,B-30,2026-05-06,09:00:00,17:00:00
E-1523,B-30,2026-05-06,08:00:00,16:00:00
E-1524,B-30,2026-05-06,14:00:00,22:00:00
E-1525,B-30,2026-05-06,12:00:00,20:00:00
E-1528,B-30,2026-05-06,12:00:00,20:00:00
E-1529,B-30,2026-05-06,08:00:00,16:00:00
E-1532,B-30,2026-05-06,08:00:00,16:00:00
E-1535,B-30,2026-05-06,12:00:00,20:00:00
E-1536,B-30,2026-05-06,08:00:00,16:00:00
E-1537,B-30,2026-05-06,08:00:00,16:00:00
E-1538,B-30,2026-05-06,22:00:00,06:00:00
E-1539,B-30,2026-05-06,22:00:00,06:00:00
E-1540,B-30,2026-05-06,08:00:00,16:00:00
E-1541,B-30,2026-05-06,09:00:00,17:00:00
E-1543,B-30,2026-05-06,08:00:00,16:00:00
E-1544,B-30,2026-05-06,09:00:00,17:00:00
E-1550,B-30,2026-05-06,09:00:00,17:00:00
