qubix_sku,meridian_article,match_confidence,matched_on
QX-CER-002,AV-88007,0.74,2025-12-23
QX-DRK-014,AV-88014,0.63,2025-05-08
QX-DRK-021,AV-88021,0.99,2025-10-05
QX-TIN-032,AV-88028,0.70,2025-11-24
QX-TIN-045,AV-88035,0.95,2025-05-02
QX-DRY-184,AV-88042,0.67,2024-11-16
QX-FRZ-112,AV-88049,0.93,2024-08-23
QX-DRK-200,AV-88056,0.76,2024-12-27
QX-BWS-201,AV-88063,0.76,2025-08-20
QX-PRO-202,AV-88070,0.89,2024-09-30
QX-PRO-203,AV-88077,0.63,2025-05-17
QX-DRK-204,AV-88084,0.79,2026-01-08
QX-BWS-205,AV-88091,0.94,2025-10-19
QX-DRK-206,AV-88098,0.72,2025-04-09
QX-TIN-207,AV-88105,0.65,2024-10-21
QX-CHL-209,AV-88112,0.92,2025-07-20
QX-TIN-212,AV-88119,0.76,2024-09-15
QX-CHL-213,AV-88126,0.70,2025-05-30
QX-FRZ-214,AV-88133,0.70,2024-10-02
QX-CHL-215,AV-88126,0.65,2025-01-31
QX-PRO-217,AV-88140,0.64,2025-09-17
QX-FRZ-218,AV-88133,0.83,2025-05-29
QX-BWS-221,AV-88147,0.68,2025-07-18
QX-BWS-222,AV-88154,0.74,2025-05-15
QX-HHD-225,AV-88161,0.76,2025-09-05
QX-PET-226,AV-88168,0.68,2025-01-07
QX-CER-227,AV-88175,0.96,2024-11-05
QX-DRK-230,AV-88182,0.65,2024-11-02
QX-FRZ-231,AV-88189,0.91,2025-05-15
QX-BAK-232,AV-88196,0.68,2024-07-12
QX-BAK-233,AV-88203,0.80,2025-04-19
QX-DRK-234,AV-88210,0.71,2024-12-22
QX-FRZ-235,AV-88217,0.75,2025-09-16
QX-PRO-236,AV-88224,0.95,2025-06-08
QX-PRO-237,AV-88231,0.70,2024-07-31
QX-CHL-238,AV-88238,0.63,2025-06-25
QX-BWS-239,AV-88245,0.89,2025-10-26
QX-HHD-240,AV-88252,0.69,2025-11-26
QX-CER-241,AV-88259,0.78,2025-01-16
QX-FRZ-242,AV-88266,0.92,2024-10-28
QX-DRY-243,AV-88273,0.85,2025-08-08
QX-FRZ-244,AV-88280,0.97,2025-01-13
QX-HHD-245,AV-88287,0.91,2025-09-18
QX-BWS-246,AV-88294,0.73,2026-01-23
QX-DRY-247,AV-88301,0.87,2025-03-15
QX-HHD-248,AV-88308,0.79,2024-07-24
QX-CER-249,AV-88315,0.67,2026-01-05
QX-CHL-250,AV-88322,0.99,2025-07-18
QX-TIN-251,AV-88329,0.87,2024-09-15
QX-FRZ-252,AV-88336,0.81,2026-01-09
QX-HHD-253,AV-88343,0.72,2024-09-12
QX-DRK-254,AV-88350,0.89,2025-08-20
QX-PRO-255,AV-88357,0.71,2024-08-12
QX-BWS-256,AV-88364,0.78,2025-08-28
QX-HBC-258,AV-88371,0.93,2024-05-09
QX-CER-260,AV-88378,0.90,2026-02-28
QX-HBC-261,AV-88385,0.84,2025-09-21
QX-TIN-263,AV-88392,0.63,2025-10-19
QX-TIN-264,AV-88399,0.93,2024-05-27
QX-FRZ-266,AV-88406,0.67,2025-08-07
QX-CER-267,AV-88413,0.63,2024-09-09
QX-CER-268,AV-88420,0.98,2024-06-02
QX-DRY-269,AV-88427,0.80,2024-08-07
QX-PET-270,AV-88434,0.99,2025-05-25
QX-DRY-271,AV-88441,0.71,2025-08-25
QX-DRY-272,AV-88448,0.86,2025-02-06
QX-DRK-273,AV-88455,0.68,2025-03-20
QX-CER-275,AV-88448,0.98,2025-11-15
QX-HBC-276,AV-88462,0.67,2025-09-12
QX-DRK-278,AV-88469,0.98,2024-05-27
QX-HBC-279,AV-88476,0.97,2024-12-30
QX-CHL-280,AV-88483,0.62,2024-07-29
QX-TIN-281,AV-88490,0.91,2025-04-06
QX-FRZ-282,AV-88497,0.70,2025-02-07
QX-PRO-283,AV-88504,0.79,2025-06-11
QX-PRO-284,AV-88511,0.74,2024-10-22
QX-DRY-286,AV-88518,0.70,2025-05-26
QX-BAK-287,AV-88525,0.72,2025-12-07
QX-BAK-290,AV-88532,0.64,2026-02-02
QX-PET-291,AV-88539,0.86,2025-12-15
QX-BAK-292,AV-88546,0.67,2025-01-26
QX-TIN-293,AV-88553,0.95,2024-09-04
QX-BWS-294,AV-88560,0.74,2025-07-13
QX-BWS-295,AV-88553,0.81,2024-12-07
QX-BAK-296,AV-88553,0.67,2026-01-26
QX-DRY-297,AV-88567,0.66,2025-09-19
QX-FRZ-298,AV-88574,0.67,2026-02-05
QX-FRZ-299,AV-88581,0.75,2025-12-30
QX-BAK-300,AV-88588,0.69,2025-02-05
QX-DRY-301,AV-88595,0.75,2025-01-13
QX-DRY-302,AV-88602,0.64,2025-03-29
QX-DRY-305,AV-88609,0.62,2025-04-07
QX-TIN-306,AV-88616,0.62,2024-05-18
QX-HBC-307,AV-88623,0.99,2024-07-29
QX-HHD-308,AV-88630,0.69,2024-09-14
QX-FRZ-310,AV-88637,0.95,2024-11-14
QX-DRY-312,AV-88644,0.98,2025-03-12
QX-CER-314,AV-88651,0.67,2024-10-13
QX-CHL-315,AV-88658,0.81,2024-06-27
QX-CER-316,AV-88665,0.81,2025-11-21
QX-BWS-317,AV-88672,0.63,2026-02-15
QX-TIN-318,AV-88679,0.91,2026-02-24
QX-CER-319,AV-88686,0.71,2025-02-22
QX-BWS-320,AV-88693,0.83,2024-05-21
QX-HHD-321,AV-88700,0.90,2025-05-02
QX-HBC-325,AV-88707,0.81,2024-11-07
QX-PET-326,AV-88714,0.78,2025-04-12
QX-BAK-327,AV-88721,0.97,2025-10-15
QX-BAK-328,AV-88728,0.67,2025-06-26
QX-HHD-330,AV-88735,0.99,2024-07-04
QX-CER-331,AV-88742,0.77,2024-06-21
QX-DRY-332,AV-88749,0.63,2024-08-18
QX-BAK-333,AV-88742,0.88,2024-09-20
QX-BAK-335,AV-88756,0.66,2025-06-02
QX-CHL-336,AV-88763,0.71,2025-02-26
QX-HBC-337,AV-88770,0.72,2025-10-29
QX-TIN-338,AV-88777,0.81,2025-02-19
QX-HHD-339,AV-88784,0.67,2025-03-21
QX-TIN-340,AV-88791,0.92,2024-06-09
QX-CER-341,AV-88784,0.84,2025-08-19
QX-TIN-342,AV-88784,0.66,2025-05-12
QX-FRZ-343,AV-88798,0.64,2024-12-25
QX-PET-345,AV-88805,0.71,2024-12-09
QX-CER-346,AV-88812,0.86,2025-03-24
QX-PET-348,AV-88819,0.92,2025-12-08
QX-CHL-351,AV-88826,0.86,2025-06-20
QX-BWS-353,AV-88833,0.88,2026-01-23
QX-CHL-354,AV-88840,0.99,2026-02-12
QX-CER-355,AV-88847,0.87,2025-10-05
QX-DRK-356,AV-88854,0.91,2024-07-02
QX-FRZ-357,AV-88861,0.79,2026-01-10
QX-BWS-359,AV-88868,0.73,2025-06-24
QX-BAK-360,AV-88875,0.78,2025-02-03
QX-DRK-361,AV-88882,0.67,2025-09-25
QX-HHD-362,AV-88889,0.75,2025-05-04
QX-TIN-364,AV-88896,0.82,2025-10-03
QX-BWS-365,AV-88903,0.86,2025-01-01
QX-DRY-366,AV-88910,0.74,2024-07-05
QX-PET-367,AV-88917,0.71,2024-05-26
QX-HBC-369,AV-88924,0.87,2025-09-04
QX-TIN-370,AV-88931,0.96,2026-01-21
QX-HBC-371,AV-88938,0.67,2025-07-20
QX-CER-372,AV-88945,0.94,2025-05-19
QX-HHD-373,AV-88952,0.95,2025-12-31
QX-BWS-376,AV-88959,0.97,2024-09-29
QX-CHL-377,AV-88966,0.76,2025-12-04
QX-BAK-379,AV-88973,0.92,2025-08-31
QX-DRK-380,AV-88980,0.78,2025-09-17
QX-CHL-381,AV-88987,0.82,2024-07-07
QX-TIN-383,AV-88994,0.94,2024-12-24
QX-BWS-384,AV-88987,0.87,2026-02-06
QX-HHD-385,AV-89001,0.97,2025-06-06
QX-FRZ-386,AV-89008,1.00,2024-06-23
QX-HHD-387,AV-89015,0.70,2025-09-03
QX-HHD-388,AV-89022,0.83,2025-11-28
QX-HBC-389,AV-89029,0.97,2025-01-14
QX-TIN-391,AV-89036,0.71,2024-11-07
QX-DRK-393,AV-89043,0.87,2024-09-07
QX-CER-394,AV-89050,0.65,2025-05-18
QX-BWS-395,AV-89057,0.93,2024-06-18
QX-PRO-396,AV-89064,0.87,2025-01-08
QX-BWS-398,AV-89071,0.90,2024-09-12
QX-DRK-400,AV-89078,0.97,2025-02-15
QX-PRO-401,AV-89085,0.85,2024-06-08
QX-PRO-402,AV-89092,0.77,2025-08-18
QX-PRO-404,AV-89099,0.96,2025-10-31
QX-DRK-405,AV-89106,0.77,2025-03-21
QX-BAK-406,AV-89113,0.93,2025-08-03
QX-TIN-407,AV-89120,0.93,2024-10-13
QX-PRO-408,AV-89127,0.85,2024-11-29
QX-HBC-409,AV-89120,0.72,2026-02-02
QX-CER-410,AV-89134,0.86,2024-10-18
QX-HHD-412,AV-89141,0.99,2025-10-17
QX-CHL-413,AV-89148,0.74,2025-04-25
QX-DRY-414,AV-89155,0.96,2025-02-12
QX-PET-415,AV-89162,0.70,2024-12-31
QX-CHL-417,AV-89169,0.70,2024-08-15
QX-PET-418,AV-89162,0.71,2025-12-28
QX-DRY-419,AV-89176,0.88,2024-05-11
QX-BAK-420,AV-89183,0.68,2025-11-10
QX-PRO-421,AV-89190,0.77,2024-11-10
QX-DRK-422,AV-89197,0.66,2024-07-16
QX-HHD-424,AV-89204,0.96,2025-05-24
QX-CHL-426,AV-89211,0.93,2026-02-26
QX-PRO-427,AV-89218,0.68,2024-06-09
QX-CER-428,AV-89225,0.97,2025-02-10
QX-TIN-429,AV-89232,0.87,2025-04-10
QX-BAK-430,AV-89239,0.65,2024-08-30
QX-HBC-431,AV-89246,0.95,2025-05-13
QX-FRZ-432,AV-89253,0.67,2024-07-13
QX-DRK-433,AV-89260,0.81,2024-07-14
QX-BAK-434,AV-89267,0.69,2024-08-11
QX-FRZ-435,AV-89274,0.63,2025-12-17
QX-BAK-436,AV-89281,0.77,2024-11-02
QX-CER-437,AV-89288,1.00,2024-05-25
QX-CHL-438,AV-89295,0.82,2025-05-29
QX-BAK-440,AV-89302,0.93,2024-08-28
QX-HBC-442,AV-89309,0.90,2025-05-13
QX-CER-443,AV-89316,0.81,2024-11-09
QX-FRZ-444,AV-89323,0.74,2025-03-15
QX-BAK-445,AV-89330,0.82,2025-04-05
QX-FRZ-446,AV-89337,0.82,2025-10-13
QX-PET-447,AV-89344,0.73,2024-08-23
QX-CER-448,AV-89351,0.92,2025-10-11
QX-HBC-449,AV-89358,0.78,2024-07-08
QX-PET-450,AV-89365,0.63,2024-08-24
QX-BAK-451,AV-89372,0.97,2024-08-25
QX-HBC-452,AV-89379,0.75,2025-06-10
QX-PET-453,AV-89386,0.74,2025-06-11
QX-BWS-454,AV-89393,0.74,2026-01-07
QX-HBC-455,AV-89400,0.79,2025-07-04
QX-PET-456,AV-89407,0.70,2025-08-11
QX-DRK-457,AV-89414,0.90,2026-01-29
QX-CHL-458,AV-89421,0.96,2025-04-14
QX-PET-460,AV-89428,0.87,2024-08-28
QX-DRK-461,AV-89435,0.81,2025-11-05
QX-PRO-462,AV-89428,0.80,2024-11-29
QX-HHD-463,AV-89442,0.82,2025-08-15
QX-CER-464,AV-89449,0.86,2025-10-28
QX-CER-465,AV-89456,0.86,2024-05-15
QX-CER-467,AV-89463,0.87,2025-07-15
QX-FRZ-468,AV-89456,0.89,2024-07-15
QX-DRY-469,AV-89470,0.97,2024-08-27
QX-TIN-470,AV-89477,0.73,2025-09-30
QX-PRO-471,AV-89470,0.64,2025-11-06
QX-BWS-472,AV-89484,0.82,2025-04-12
QX-CER-473,AV-89491,0.70,2025-09-16
QX-BWS-474,AV-89498,0.71,2025-06-30
QX-CHL-476,AV-89505,0.78,2024-09-27
QX-PRO-477,AV-89512,0.73,2025-12-29
QX-PRO-480,AV-89519,0.64,2024-09-21
QX-BAK-481,AV-89526,0.73,2024-08-22
QX-DRY-482,AV-89533,0.62,2024-09-27
QX-HBC-483,AV-89540,0.97,2024-11-23
QX-DRY-484,AV-89547,0.78,2024-06-19
QX-BWS-485,AV-89554,0.83,2025-10-14
QX-TIN-486,AV-89561,0.95,2024-12-13
QX-BAK-487,AV-89568,0.98,2025-03-13
QX-CER-488,AV-89575,0.77,2026-02-17
QX-BWS-489,AV-89582,0.98,2024-12-24
QX-BAK-490,AV-89589,0.92,2025-12-18
QX-DRY-491,AV-89596,0.66,2026-01-19
QX-DRY-492,AV-89603,0.66,2026-01-01
QX-CHL-493,AV-89610,0.98,2026-01-05
QX-HBC-494,AV-89617,0.99,2026-01-09
QX-DRY-495,AV-89610,0.73,2024-09-22
QX-DRY-497,AV-89624,0.67,2025-05-08
QX-BWS-498,AV-89631,0.80,2024-07-28
QX-DRY-499,AV-89638,0.77,2025-09-25
QX-HHD-501,AV-89645,0.68,2024-06-08
QX-DRY-502,AV-89652,0.78,2026-02-02
QX-PET-503,AV-89659,0.86,2025-12-02
QX-HHD-504,AV-89666,0.66,2024-07-29
QX-BAK-505,AV-89673,0.89,2024-11-04
QX-DRK-506,AV-89680,0.96,2024-11-24
QX-CER-507,AV-89687,0.75,2024-07-08
QX-PET-508,AV-89680,0.63,2024-09-24
QX-BAK-510,AV-89694,0.89,2025-11-05
QX-CER-511,AV-89701,0.97,2024-07-06
QX-BAK-512,AV-89708,0.86,2025-01-17
QX-CER-513,AV-89715,0.76,2024-08-01
QX-CER-515,AV-89722,0.78,2025-04-18
QX-FRZ-516,AV-89729,0.63,2025-12-20
QX-DRY-517,AV-89736,0.86,2025-12-27
QX-TIN-518,AV-89743,0.87,2025-04-24
QX-DRY-519,AV-89750,0.98,2025-12-20
QX-PRO-520,AV-89757,0.77,2025-06-16
QX-PRO-521,AV-89764,0.79,2024-08-28
QX-PET-522,AV-89771,0.75,2024-05-02
QX-FRZ-523,AV-89778,0.74,2025-02-01
QX-PRO-524,AV-89785,0.82,2025-07-05
QX-PET-525,AV-89792,0.94,2026-01-19
QX-CHL-526,AV-89799,0.89,2025-06-08
QX-BWS-527,AV-89806,0.86,2025-02-02
QX-DRY-528,AV-89813,0.92,2025-04-18
QX-DRY-529,AV-89820,0.89,2025-11-20
QX-DRK-530,AV-89827,0.98,2025-10-01
QX-TIN-531,AV-89834,0.95,2024-12-15
QX-PRO-532,AV-89841,0.99,2025-07-29
QX-PET-533,AV-89848,0.71,2024-10-19
QX-DRY-534,AV-89855,0.98,2025-06-06
QX-FRZ-538,AV-89862,0.74,2024-08-25
QX-BAK-539,AV-89869,0.85,2025-07-22
QX-DRK-540,AV-89876,0.77,2025-06-30
QX-HBC-541,AV-89883,0.91,2024-07-04
QX-DRY-542,AV-89890,0.88,2024-06-13
QX-HHD-543,AV-89897,0.67,2025-03-05
QX-HBC-544,AV-89904,0.74,2025-07-28
QX-CER-545,AV-89911,0.93,2025-12-01
QX-FRZ-547,AV-89918,0.79,2025-08-17
QX-DRK-548,AV-89925,0.69,2025-07-03
QX-TIN-549,AV-89932,0.97,2024-12-23
QX-BWS-550,AV-89939,0.96,2024-09-12
QX-HHD-551,AV-89946,0.92,2025-05-22
QX-BAK-552,AV-89953,0.70,2025-12-27
QX-TIN-553,AV-89960,0.63,2025-04-18
QX-CHL-554,AV-89967,0.71,2025-06-10
QX-CHL-555,AV-89974,0.71,2024-08-31
QX-FRZ-556,AV-89981,0.87,2025-05-11
QX-HBC-557,AV-89974,0.97,2024-11-18
QX-TIN-558,AV-89988,0.76,2025-09-17
QX-FRZ-562,AV-89995,0.63,2024-06-19
QX-DRK-563,AV-90002,0.85,2024-06-26
QX-FRZ-564,AV-89995,0.76,2025-10-08
QX-TIN-566,AV-90009,0.78,2024-09-29
QX-BAK-567,AV-90016,0.71,2025-02-09
QX-HBC-568,AV-90023,0.98,2025-11-16
QX-CER-570,AV-90030,0.74,2026-02-15
QX-PET-572,AV-90037,0.90,2024-11-15
QX-FRZ-573,AV-90044,0.98,2025-04-12
QX-DRY-577,AV-90051,0.63,2025-11-08
QX-TIN-580,AV-90058,0.64,2025-03-15
QX-HHD-581,AV-90065,0.99,2026-01-21
QX-BAK-582,AV-90072,0.79,2026-03-01
QX-FRZ-586,AV-90079,0.66,2025-11-27
QX-BAK-587,AV-90086,0.64,2025-09-10
QX-CHL-588,AV-90093,0.88,2024-07-19
QX-BWS-589,AV-90100,0.78,2024-07-13
QX-BAK-590,AV-90093,0.72,2025-04-05
QX-CHL-592,AV-90107,0.67,2024-09-08
QX-DRY-593,AV-90114,0.97,2025-12-21
QX-HHD-594,AV-90121,0.69,2024-08-24
QX-DRY-595,AV-90128,0.82,2024-08-06
QX-HHD-597,AV-90121,0.94,2024-12-01
QX-PET-598,AV-90135,0.94,2025-11-07
QX-BAK-599,AV-90142,0.66,2025-01-01
QX-HHD-600,AV-90149,0.80,2026-01-03
QX-HBC-601,AV-90156,0.88,2024-06-11
QX-DRY-603,AV-90163,0.85,2024-09-14
QX-CER-604,AV-90170,0.65,2025-04-13
QX-HHD-605,AV-90177,0.75,2025-05-26
QX-HHD-606,AV-90184,0.88,2024-08-12
QX-BAK-608,AV-90191,0.79,2025-01-27
QX-DRK-609,AV-90198,0.83,2025-01-05
QX-DRY-610,AV-90205,0.85,2024-07-13
QX-HHD-611,AV-90212,0.93,2026-01-20
QX-PET-615,AV-90219,0.84,2025-01-02
QX-PET-616,AV-90226,0.95,2025-12-23
QX-CHL-617,AV-90233,0.64,2024-09-04
QX-HBC-618,AV-90240,0.66,2024-12-22
QX-BWS-619,AV-90247,0.85,2025-11-15
QX-FRZ-622,AV-90254,0.80,2025-07-19
QX-TIN-624,AV-90261,0.86,2025-05-28
QX-PRO-625,AV-90268,0.95,2024-07-29
QX-FRZ-626,AV-90275,0.95,2024-05-24
QX-DRK-627,AV-90282,0.73,2024-12-31
QX-DRY-629,AV-90289,0.97,2026-01-21
QX-BAK-630,AV-90296,0.76,2025-07-18
QX-CHL-631,AV-90303,0.80,2026-01-17
QX-BWS-632,AV-90296,0.68,2025-12-03
QX-BWS-634,AV-90310,0.98,2025-05-29
QX-DRY-635,AV-90317,0.91,2024-10-24
QX-PRO-637,AV-90324,0.92,2025-05-01
QX-BAK-638,AV-90331,0.70,2024-09-23
QX-CER-639,AV-90338,0.62,2024-07-19
QX-TIN-640,AV-90345,0.76,2025-03-15
QX-PRO-641,AV-90352,0.93,2024-09-23
QX-CHL-643,AV-90359,0.70,2025-10-02
QX-TIN-644,AV-90366,0.63,2026-02-22
QX-PRO-645,AV-90373,0.80,2024-09-14
QX-HBC-646,AV-90380,0.64,2024-10-04
QX-DRY-647,AV-90387,0.81,2024-10-22
QX-TIN-649,AV-90394,0.70,2025-03-20
QX-HBC-650,AV-90401,0.65,2025-04-08
QX-BWS-651,AV-90408,0.82,2025-08-30
QX-PRO-652,AV-90415,0.96,2024-12-04
QX-BWS-654,AV-90422,0.72,2025-01-06
QX-PET-657,AV-90429,0.64,2025-08-07
QX-FRZ-658,AV-90436,0.88,2025-08-03
QX-BAK-659,AV-90443,0.90,2026-01-21
QX-HHD-660,AV-90450,0.94,2025-09-26
QX-CHL-662,AV-90457,0.91,2024-06-16
QX-HHD-663,AV-90464,0.68,2024-08-04
QX-TIN-664,AV-90471,0.80,2025-06-05
QX-HHD-665,AV-90478,0.75,2024-10-04
QX-FRZ-666,AV-90485,0.95,2024-05-08
QX-BWS-668,AV-90492,0.72,2026-02-28
QX-BWS-669,AV-90499,0.94,2024-08-24
QX-PRO-672,AV-90506,0.99,2025-02-20
QX-PET-673,AV-90513,0.63,2024-09-06
QX-HBC-676,AV-90520,0.85,2025-04-29
QX-PET-677,AV-90513,0.97,2025-08-07
QX-DRK-678,AV-90527,0.73,2025-01-10
QX-BAK-679,AV-90534,0.66,2024-07-31
QX-DRY-680,AV-90541,0.62,2025-09-03
QX-PRO-681,AV-90548,0.86,2025-10-12
QX-CER-682,AV-90555,0.68,2024-07-03
QX-DRK-683,AV-90562,0.64,2024-07-21
QX-CHL-685,AV-90569,0.91,2026-02-05
QX-PET-686,AV-90576,0.73,2026-01-08
QX-TIN-687,AV-90583,0.90,2025-10-03
QX-BAK-688,AV-90590,0.88,2025-08-06
QX-DRY-689,AV-90597,0.87,2024-06-30
QX-TIN-690,AV-90604,0.88,2025-09-15
QX-TIN-691,AV-90611,0.97,2025-10-09
QX-CHL-692,AV-90618,0.92,2025-09-29
QX-HHD-693,AV-90625,0.69,2025-05-01
QX-TIN-694,AV-90632,0.64,2026-02-03
QX-BAK-699,AV-90639,0.72,2025-07-09
QX-CHL-701,AV-90646,0.66,2024-10-15
QX-FRZ-702,AV-90653,0.69,2025-01-25
QX-PET-703,AV-90660,1.00,2026-02-28
QX-DRK-704,AV-90667,0.95,2025-04-29
QX-DRK-705,AV-90674,0.85,2024-09-10
QX-BAK-706,AV-90681,0.70,2024-12-23
QX-HHD-707,AV-90688,0.83,2024-07-09
QX-DRK-709,AV-90695,0.71,2025-08-30
QX-BWS-712,AV-90702,0.79,2025-10-12
QX-PRO-714,AV-90709,0.68,2024-08-12
QX-BAK-715,AV-90716,0.80,2025-06-18
QX-CHL-716,AV-90723,0.93,2025-09-07
QX-FRZ-717,AV-90730,0.80,2024-07-11
QX-DRY-718,AV-90737,0.72,2024-06-19
QX-BAK-719,AV-90744,0.77,2025-07-17
QX-DRK-720,AV-90751,0.94,2024-07-07
QX-BWS-721,AV-90758,0.92,2025-12-22
QX-CHL-724,AV-90765,0.91,2025-11-28
QX-HBC-725,AV-90772,0.78,2025-03-31
QX-PRO-726,AV-90779,0.77,2026-02-27
QX-FRZ-727,AV-90786,0.83,2025-04-23
QX-DRK-728,AV-90793,0.81,2024-09-27
QX-HHD-729,AV-90800,0.75,2024-10-06
QX-BAK-730,AV-90807,0.67,2024-10-02
QX-BWS-731,AV-90814,0.88,2025-05-06
QX-HBC-733,AV-90821,0.97,2025-08-14
QX-DRK-736,AV-90828,0.77,2024-07-31
QX-FRZ-738,AV-90835,0.74,2024-05-08
QX-CHL-739,AV-90842,0.86,2024-09-03
QX-CHL-740,AV-90849,0.91,2026-01-25
QX-HHD-741,AV-90856,0.75,2025-10-02
QX-CHL-742,AV-90863,0.87,2025-10-24
QX-BWS-743,AV-90870,0.95,2025-01-13
QX-PRO-744,AV-90877,0.64,2024-12-29
QX-BAK-745,AV-90884,0.81,2025-06-01
QX-CHL-746,AV-90891,0.75,2024-06-27
QX-BWS-747,AV-90898,0.83,2025-08-01
QX-BWS-748,AV-90905,0.92,2024-06-27
QX-CER-750,AV-90912,0.90,2025-08-01
QX-DRY-751,AV-90919,0.86,2025-08-19
QX-CHL-752,AV-90926,0.86,2025-10-01
QX-PRO-754,AV-90933,0.75,2025-05-15
QX-DRK-755,AV-90940,0.63,2025-07-24
QX-CHL-756,AV-90947,0.98,2024-11-17
QX-HHD-757,AV-90954,0.82,2024-10-09
QX-BWS-758,AV-90961,0.64,2025-06-16
QX-HHD-759,AV-90968,0.88,2025-01-26
QX-DRY-760,AV-90975,0.83,2025-01-10
QX-TIN-761,AV-90982,0.72,2025-11-26
QX-DRY-762,AV-90989,0.94,2025-05-18
QX-CER-763,AV-90996,0.71,2026-01-18
QX-FRZ-764,AV-91003,0.66,2024-10-29
QX-BAK-767,AV-91010,0.74,2026-01-20
QX-BAK-768,AV-91017,0.65,2024-07-18
QX-PET-769,AV-91024,0.73,2024-11-14
QX-BWS-771,AV-91031,0.83,2025-12-11
QX-HBC-772,AV-91038,0.84,2025-07-06
QX-CER-773,AV-91045,0.73,2024-10-10
QX-CER-774,AV-91052,0.69,2025-01-01
QX-CHL-775,AV-91059,0.79,2024-08-31
QX-HHD-776,AV-91066,0.67,2024-06-30
QX-CHL-777,AV-91073,0.93,2024-08-23
QX-PRO-778,AV-91080,0.93,2024-06-27
QX-HBC-779,AV-91087,0.74,2026-02-01
QX-PET-780,AV-91094,0.79,2024-08-16
QX-DRY-781,AV-91101,0.71,2025-08-03
QX-PET-783,AV-91108,0.76,2025-10-10
QX-CER-784,AV-91115,0.73,2025-08-05
QX-HBC-786,AV-91122,0.79,2024-06-03
QX-BAK-787,AV-91129,0.98,2024-12-09
QX-HHD-788,AV-91136,0.85,2024-05-29
QX-DRK-789,AV-91143,0.96,2025-07-11
QX-HHD-790,AV-91150,0.98,2025-10-30
QX-HBC-791,AV-91157,0.92,2025-06-21
QX-FRZ-792,AV-91164,0.74,2025-09-30
QX-CER-793,AV-91171,0.66,2024-12-05
QX-DRK-794,AV-91178,0.82,2025-08-25
QX-HBC-796,AV-91171,0.95,2024-05-19
QX-DRK-797,AV-91185,0.91,2025-04-19
QX-HHD-798,AV-91192,0.86,2024-12-01
QX-PET-801,AV-91199,0.62,2025-04-23
QX-TIN-803,AV-91206,0.89,2024-07-28
QX-PET-805,AV-91213,0.70,2025-07-31
QX-FRZ-806,AV-91220,0.97,2025-05-09
QX-DRK-807,AV-91227,0.66,2025-01-16
QX-CHL-808,AV-91234,0.89,2025-11-06
QX-DRY-811,AV-91241,0.79,2025-07-20
QX-CER-812,AV-91248,0.93,2025-11-30
QX-HHD-814,AV-91255,0.99,2025-06-01
QX-DRK-815,AV-91262,0.80,2024-09-02
QX-PRO-817,AV-91269,0.86,2025-07-28
QX-CER-818,AV-91276,0.81,2025-05-17
QX-TIN-819,AV-91283,0.96,2026-01-16
QX-CER-821,AV-91290,0.72,2025-06-07
QX-PRO-822,AV-91297,0.76,2026-01-29
QX-BWS-824,AV-91304,0.67,2025-01-16
QX-BWS-825,AV-91311,0.80,2025-06-02
QX-HHD-826,AV-91318,0.79,2025-03-14
QX-BAK-827,AV-91325,0.66,2024-10-09
QX-DRY-828,AV-91332,0.96,2025-07-03
QX-BWS-829,AV-91339,0.95,2025-09-03
QX-BAK-830,AV-91346,0.92,2024-12-07
QX-PET-831,AV-91353,0.62,2025-01-09
QX-BWS-832,AV-91360,0.70,2025-12-21
QX-CER-833,AV-91367,0.84,2024-12-13
QX-PET-834,AV-91374,0.72,2024-12-25
QX-BWS-835,AV-91381,0.63,2025-02-16
QX-DRY-836,AV-91388,0.91,2024-09-11
QX-HHD-837,AV-91395,0.84,2024-05-24
QX-PRO-838,AV-91402,0.77,2025-11-29
QX-FRZ-839,AV-91409,0.63,2025-03-19
QX-PRO-841,AV-91416,0.91,2025-08-30
QX-BAK-842,AV-91423,0.87,2025-04-30
QX-CER-843,AV-91430,0.67,2025-02-04
QX-BAK-844,AV-91437,0.85,2024-07-03
QX-DRK-845,AV-91444,0.94,2024-11-30
QX-TIN-846,AV-91451,0.92,2024-09-20
QX-PRO-847,AV-91458,0.67,2025-05-18
QX-HHD-848,AV-91465,0.66,2024-09-22
QX-CHL-850,AV-91472,0.87,2025-03-02
QX-PET-851,AV-91479,0.62,2025-12-31
QX-HHD-852,AV-91486,0.89,2025-06-09
QX-TIN-853,AV-91493,0.95,2025-08-23
QX-TIN-854,AV-91500,0.63,2024-08-29
QX-PET-855,AV-91507,0.78,2024-07-20
QX-BAK-857,AV-91514,0.92,2025-03-05
QX-HHD-860,AV-91521,0.65,2024-12-11
QX-CHL-861,AV-91528,0.81,2025-07-24
QX-PRO-863,AV-91535,0.70,2024-08-07
QX-DRY-864,AV-91542,0.96,2024-06-21
QX-CER-865,AV-91549,0.68,2025-02-16
QX-BAK-867,AV-91556,0.75,2025-04-29
QX-TIN-868,AV-91563,0.96,2025-08-16
QX-PRO-869,AV-91570,0.87,2024-07-30
QX-HBC-870,AV-91577,0.66,2025-09-22
QX-HHD-871,AV-91584,0.98,2025-09-04
QX-BWS-872,AV-91591,0.73,2025-02-08
QX-DRY-873,AV-91598,0.95,2024-12-04
QX-PRO-874,AV-91605,0.86,2025-01-03
QX-DRY-876,AV-91612,0.76,2024-11-28
QX-TIN-877,AV-91619,0.94,2025-04-03
QX-PET-878,AV-91626,0.96,2024-08-27
QX-HBC-879,AV-91633,0.92,2025-04-13
QX-CHL-880,AV-91640,0.90,2025-05-18
QX-CHL-881,AV-91647,0.97,2025-01-26
QX-CER-882,AV-91654,0.68,2024-08-05
QX-HHD-883,AV-91661,0.85,2025-10-14
QX-DRK-884,AV-91668,0.82,2025-10-07
QX-DRY-886,AV-91675,0.87,2025-03-25
QX-BWS-887,AV-91682,0.97,2025-11-08
QX-PRO-889,AV-91675,0.77,2025-05-24
QX-CHL-890,AV-91689,0.65,2024-12-21
QX-PET-891,AV-91696,0.77,2024-10-19
QX-PRO-892,AV-91703,0.84,2024-11-11
QX-BWS-893,AV-91710,0.62,2024-07-27
QX-CER-894,AV-91717,0.89,2025-12-25
QX-HBC-895,AV-91724,0.67,2024-05-08
QX-PET-896,AV-91731,0.89,2026-01-13
QX-FRZ-897,AV-91738,0.87,2024-07-25
QX-DRK-898,AV-91745,0.92,2024-09-16
QX-FRZ-900,AV-91752,0.83,2024-06-27
QX-PET-901,AV-91759,0.84,2025-02-22
QX-HHD-902,AV-91766,0.97,2024-09-26
QX-DRY-903,AV-91773,0.77,2026-01-22
QX-HBC-904,AV-91780,0.66,2025-08-04
QX-BAK-905,AV-91787,0.81,2024-10-23
QX-DRY-906,AV-91794,0.92,2025-03-05
QX-TIN-907,AV-91787,0.79,2025-05-12
QX-TIN-908,AV-91801,0.96,2025-12-05
QX-FRZ-909,AV-91808,0.73,2024-10-22
QX-PET-911,AV-91815,0.86,2025-02-27
QX-BAK-912,AV-91822,0.92,2024-05-29
QX-HBC-913,AV-91829,0.78,2025-03-18
QX-DRY-915,AV-91836,0.68,2024-06-21
QX-BAK-916,AV-91843,0.99,2025-07-04
QX-CHL-917,AV-91836,0.74,2025-01-26
QX-BAK-918,AV-91850,0.63,2024-11-11
QX-HBC-919,AV-91857,0.76,2025-08-02
QX-TIN-920,AV-91864,0.64,2025-05-09
QX-BWS-921,AV-91871,0.80,2024-07-12
QX-FRZ-924,AV-91878,0.66,2026-02-24
QX-PET-925,AV-91885,0.74,2025-02-18
QX-CER-926,AV-91878,0.91,2026-01-30
QX-PRO-927,AV-91892,0.84,2025-11-12
QX-TIN-928,AV-91899,0.62,2025-06-28
QX-CER-929,AV-91906,0.76,2025-11-25
QX-TIN-930,AV-91913,0.90,2025-01-10
QX-FRZ-931,AV-91920,0.74,2025-03-04
QX-BWS-933,AV-91927,0.70,2024-11-19
QX-BAK-934,AV-91934,0.77,2025-03-31
QX-DRK-935,AV-91941,0.63,2025-04-18
QX-HHD-936,AV-91948,0.82,2025-09-29
QX-BWS-938,AV-91955,0.64,2026-01-06
QX-BAK-940,AV-91962,0.95,2025-12-17
QX-PRO-943,AV-91969,0.92,2024-12-26
QX-TIN-944,AV-91976,0.68,2024-10-07
QX-CHL-945,AV-91983,0.69,2024-05-29
QX-BAK-946,AV-91990,0.98,2025-11-07
QX-CER-947,AV-91997,0.97,2024-07-25
QX-TIN-948,AV-92004,0.81,2024-07-28
QX-CHL-949,AV-92011,0.82,2024-10-12
QX-DRK-951,AV-92018,0.84,2025-03-02
QX-HBC-952,AV-92025,0.95,2025-04-17
QX-TIN-954,AV-92032,0.91,2025-02-18
QX-BWS-955,AV-92039,0.97,2025-06-07
QX-BAK-957,AV-92032,1.00,2024-08-05
QX-BAK-958,AV-92046,0.63,2024-06-03
QX-CHL-959,AV-92053,0.95,2024-11-06
QX-PET-960,AV-92060,0.76,2025-07-12
QX-PET-962,AV-92053,1.00,2026-02-04
QX-BAK-963,AV-92067,0.94,2024-06-25
QX-DRY-965,AV-92074,0.71,2026-01-26
QX-CHL-966,AV-92081,0.76,2024-10-04
QX-PET-967,AV-92088,0.71,2025-10-22
QX-PET-970,AV-92095,0.99,2024-11-11
QX-HBC-971,AV-92102,0.65,2026-01-23
QX-TIN-972,AV-92109,0.76,2024-08-09
QX-TIN-973,AV-92102,0.64,2024-12-10
QX-HBC-974,AV-92116,0.95,2025-04-28
QX-TIN-975,AV-92123,0.71,2025-07-14
QX-PET-976,AV-92130,0.71,2025-06-16
QX-FRZ-977,AV-92137,0.96,2025-11-16
QX-CHL-979,AV-92144,0.98,2024-05-24
QX-BWS-980,AV-92151,0.81,2025-08-25
QX-FRZ-982,AV-92158,0.91,2024-05-07
QX-FRZ-983,AV-92165,0.88,2024-11-16
QX-PET-984,AV-92172,0.88,2025-07-15
QX-HBC-985,AV-92179,0.63,2024-11-18
QX-TIN-987,AV-92186,0.75,2025-08-22
QX-CHL-988,AV-92193,0.70,2025-04-10
QX-BAK-989,AV-92200,0.72,2025-01-12
QX-CER-990,AV-92207,0.96,2025-05-02
QX-DRK-993,AV-92214,0.78,2024-11-22
QX-HHD-994,AV-92221,0.93,2025-09-14
QX-TIN-995,AV-92228,0.63,2025-10-30
QX-HBC-996,AV-92235,0.65,2025-08-06
QX-CHL-997,AV-92228,0.88,2025-09-09
QX-DRK-998,AV-92242,0.62,2025-08-16
QX-BWS-001,AV-92249,0.97,2025-01-22
QX-PET-003,AV-92256,0.89,2025-05-07
QX-FRZ-004,AV-92263,0.76,2025-07-28
QX-FRZ-007,AV-92270,0.82,2024-10-10
QX-DRY-010,AV-92277,0.93,2025-05-12
QX-CHL-011,AV-92284,0.76,2025-04-08
QX-DRK-013,AV-92291,0.92,2025-05-02
QX-DRY-014,AV-92284,0.95,2025-10-14
QX-BWS-015,AV-92298,1.00,2024-06-09
QX-CHL-016,AV-92305,0.93,2024-09-23
QX-FRZ-017,AV-92312,0.83,2024-06-22
QX-CHL-018,AV-92319,0.97,2025-04-18
QX-DRY-019,AV-92326,0.74,2024-12-15
QX-CER-020,AV-92333,0.97,2025-02-21
QX-PRO-022,AV-92340,0.69,2024-11-05
QX-PET-023,AV-92347,0.82,2026-01-03
QX-CER-024,AV-92354,0.74,2025-12-11
QX-PRO-026,AV-92361,0.72,2026-01-19
QX-DRK-027,AV-92354,0.67,2024-05-14
QX-HHD-028,AV-92368,0.76,2026-02-19
QX-DRY-029,AV-92375,0.83,2025-04-25
QX-CHL-030,AV-92382,0.76,2025-11-01
QX-CER-031,AV-92389,0.94,2025-03-30
QX-CER-032,AV-92396,0.88,2024-05-04
QX-CHL-033,AV-92403,0.78,2024-12-06
QX-TIN-035,AV-92396,0.82,2026-02-27
QX-HHD-036,AV-92410,0.82,2025-07-18
QX-BWS-037,AV-92417,0.85,2024-07-16
QX-DRY-040,AV-92424,0.63,2024-11-05
QX-CHL-041,AV-92431,0.82,2025-07-05
QX-DRK-042,AV-92438,0.85,2025-11-28
QX-DRK-045,AV-92445,0.79,2024-08-16
QX-CER-046,AV-92452,0.73,2026-01-02
QX-TIN-047,AV-92459,0.99,2026-01-15
QX-CHL-048,AV-92466,0.83,2025-07-19
QX-CHL-049,AV-92473,0.83,2025-10-29
QX-FRZ-050,AV-92480,0.83,2025-01-16
QX-PET-051,AV-92487,0.65,2025-03-20
QX-PET-052,AV-92494,0.78,2025-08-30
QX-DRK-053,AV-92501,0.63,2024-11-16
QX-HBC-054,AV-92508,0.63,2024-11-20
QX-HBC-055,AV-92515,0.73,2025-12-18
QX-DRY-056,AV-92522,0.75,2025-12-20
QX-HBC-057,AV-92529,0.91,2025-02-21
QX-CER-058,AV-92536,0.80,2024-11-05
QX-BAK-059,AV-92543,0.80,2025-11-01
QX-PRO-060,AV-92536,0.94,2025-09-22
QX-CHL-061,AV-92550,0.81,2024-06-09
QX-BWS-062,AV-92557,0.73,2025-10-25
QX-HHD-063,AV-92564,0.73,2025-07-23
QX-PET-065,AV-92571,0.69,2024-12-23
QX-CHL-066,AV-92578,0.66,2024-11-04
QX-TIN-067,AV-92585,0.85,2025-04-04
QX-FRZ-068,AV-92592,0.99,2024-12-24
QX-CER-069,AV-92599,0.69,2025-08-24
QX-BWS-070,AV-92606,0.98,2025-05-07
QX-TIN-071,AV-92613,0.71,2025-12-21
QX-CHL-072,AV-92620,0.98,2025-04-28
QX-FRZ-073,AV-92627,0.92,2025-01-05
QX-TIN-074,AV-92634,0.92,2024-10-11
QX-TIN-075,AV-92641,0.88,2025-06-12
QX-HBC-076,AV-92648,0.84,2025-11-25
QX-PRO-077,AV-92655,0.63,2024-07-21
QX-BAK-078,AV-92662,0.91,2026-02-24
QX-DRY-079,AV-92669,0.93,2024-07-05
QX-DRY-081,AV-92676,0.66,2024-12-01
QX-PRO-083,AV-92683,0.74,2025-04-20
QX-DRY-084,AV-92690,0.88,2025-08-22
QX-TIN-087,AV-92697,0.73,2026-01-27
QX-HHD-088,AV-92704,0.88,2025-10-03
QX-BAK-089,AV-92711,0.73,2025-06-28
QX-FRZ-090,AV-92718,0.99,2025-10-22
QX-DRK-092,AV-92725,0.77,2024-08-10
QX-HBC-093,AV-92732,0.68,2025-08-01
QX-PET-094,AV-92739,0.92,2025-06-03
QX-DRK-095,AV-92746,0.80,2025-07-12
QX-FRZ-096,AV-92753,0.68,2026-02-10
QX-PRO-098,AV-92760,0.98,2026-01-29
QX-HBC-099,AV-92767,0.76,2026-01-16
QX-HBC-100,AV-92774,0.92,2024-07-05
QX-CHL-101,AV-92781,0.99,2025-04-05
QX-TIN-102,AV-92788,0.96,2025-12-22
QX-BAK-103,AV-92795,0.71,2025-11-01
QX-PET-104,AV-92802,0.78,2025-01-03
QX-TIN-105,AV-92809,1.00,2025-04-23
QX-CHL-106,AV-92816,0.65,2025-12-16
QX-HHD-107,AV-92823,0.80,2025-12-07
QX-CHL-108,AV-92830,0.65,2025-01-09
QX-HHD-109,AV-92837,0.99,2025-05-03
QX-CHL-110,AV-92844,0.91,2025-05-20
QX-HBC-111,AV-92851,0.67,2026-01-08
QX-BWS-114,AV-92858,0.66,2025-06-08
QX-TIN-115,AV-92851,0.64,2025-02-25
QX-CHL-116,AV-92865,0.99,2025-10-05
QX-CER-118,AV-92872,0.89,2025-06-12
QX-PET-119,AV-92879,0.85,2025-06-02
QX-DRK-120,AV-92886,0.69,2025-01-29
QX-HBC-121,AV-92893,0.94,2025-04-21
QX-DRY-122,AV-92900,0.72,2025-08-06
QX-HHD-123,AV-92907,0.89,2024-06-26
QX-CHL-126,AV-92914,0.80,2025-09-09
QX-HBC-127,AV-92921,0.84,2024-11-25
QX-BAK-129,AV-92928,0.82,2026-01-08
QX-HHD-130,AV-92935,0.64,2025-08-17
QX-HHD-131,AV-92942,0.93,2024-09-19
QX-TIN-132,AV-92949,0.98,2024-08-19
QX-CHL-133,AV-92956,0.77,2025-10-16
QX-HHD-135,AV-92963,0.90,2024-05-06
QX-CHL-136,AV-92970,0.62,2026-02-01
QX-PRO-137,AV-92977,0.80,2024-07-29
QX-DRY-138,AV-92984,0.66,2025-07-30
QX-HHD-139,AV-92991,0.73,2024-09-06
QX-TIN-142,AV-92998,0.85,2025-12-10
QX-PRO-143,AV-93005,0.79,2025-02-18
QX-CER-145,AV-93012,0.69,2025-03-03
QX-DRY-146,AV-93019,0.96,2025-11-15
QX-DRK-147,AV-93026,0.97,2025-08-16
QX-TIN-149,AV-93033,0.79,2025-12-02
QX-TIN-151,AV-93040,0.77,2025-07-22
QX-HHD-152,AV-93047,1.00,2025-08-13
QX-PRO-153,AV-93054,0.65,2024-10-09
QX-BAK-154,AV-93061,0.78,2025-12-07
QX-PRO-155,AV-93068,0.86,2025-07-19
QX-BAK-156,AV-93075,0.70,2024-12-30
QX-TIN-157,AV-93082,0.64,2025-04-20
QX-HHD-159,AV-93089,0.82,2025-01-05
QX-DRY-160,AV-93096,0.83,2025-10-01
QX-HBC-161,AV-93103,0.66,2024-07-24
QX-BAK-163,AV-93110,0.80,2025-08-23
QX-HBC-164,AV-93117,0.89,2024-06-08
QX-CHL-165,AV-93124,0.69,2024-06-22
QX-HBC-166,AV-93131,0.64,2025-01-11
QX-HBC-168,AV-93138,0.72,2024-12-31
QX-PET-169,AV-93145,0.72,2025-05-15
QX-PRO-170,AV-93152,0.70,2025-07-06
QX-TIN-171,AV-93159,0.68,2024-10-31
QX-HHD-172,AV-93166,0.64,2024-10-09
QX-DRY-173,AV-93173,0.79,2025-12-26
QX-PRO-174,AV-93180,0.64,2024-05-22
QX-BWS-175,AV-93187,0.94,2024-09-30
QX-PRO-176,AV-93194,0.78,2024-07-26
QX-PRO-178,AV-93201,0.96,2025-06-28
QX-HBC-179,AV-93208,0.68,2024-12-17
QX-PET-180,AV-93215,0.76,2026-02-24
QX-BAK-181,AV-93222,0.77,2024-09-30
QX-PET-182,AV-93229,0.90,2024-05-16
QX-CER-184,AV-93236,0.76,2024-08-28
QX-PRO-185,AV-93243,0.90,2025-12-09
QX-DRK-186,AV-93250,0.86,2025-10-15
QX-FRZ-188,AV-93257,0.69,2025-07-27
QX-HHD-189,AV-93264,0.64,2025-11-27
QX-BWS-190,AV-93271,0.67,2025-06-20
QX-PET-191,AV-93278,0.83,2026-02-12
QX-DRY-192,AV-93271,0.81,2025-03-19
QX-TIN-193,AV-93271,0.81,2025-12-01
QX-PET-194,AV-93285,0.85,2026-01-26
QX-CER-195,AV-93292,0.80,2024-07-08
QX-DRK-196,AV-93299,0.77,2025-11-23
QX-BWS-198,AV-93292,0.83,2025-12-12
QX-HBC-199,AV-93306,0.67,2024-06-14
QX-DRY-200,AV-93299,0.64,2025-12-13
QX-FRZ-201,AV-93313,0.79,2025-09-23
QX-PET-202,AV-93320,0.98,2025-08-01
QX-BAK-205,AV-93327,0.77,2024-05-29
QX-PRO-206,AV-93334,0.70,2024-07-21
QX-CHL-207,AV-93341,0.77,2024-09-17
QX-HBC-208,AV-93348,0.85,2024-11-15
QX-BAK-209,AV-93355,0.66,2025-10-30
QX-FRZ-210,AV-93362,0.76,2024-10-08
QX-TIN-211,AV-93369,0.75,2025-07-02
QX-BAK-215,AV-93376,0.94,2025-06-04
QX-DRK-216,AV-93383,0.91,2024-07-04
QX-BAK-217,AV-93390,0.89,2025-05-28
QX-TIN-218,AV-93397,0.74,2025-07-29
QX-CER-219,AV-93390,0.63,2024-12-16
QX-BWS-220,AV-93404,0.72,2025-12-06
QX-CHL-221,AV-93411,0.92,2026-01-27
QX-PRO-222,AV-93418,0.80,2025-08-09
QX-PRO-223,AV-93425,0.69,2025-12-16
QX-PET-224,AV-93432,0.74,2025-03-04
QX-PRO-225,AV-93439,0.91,2024-09-27
QX-TIN-227,AV-93446,0.63,2025-12-11
QX-BWS-228,AV-93453,0.76,2025-06-16
QX-BWS-229,AV-93460,0.96,2026-02-27
QX-DRY-230,AV-93467,0.74,2025-07-05
QX-CER-231,AV-93474,0.74,2025-10-13
QX-FRZ-233,AV-93481,0.68,2025-07-08
QX-PRO-234,AV-93488,0.75,2024-09-09
QX-BAK-235,AV-93481,0.95,2025-04-16
QX-DRK-239,AV-93495,0.85,2024-10-26
QX-BAK-240,AV-93502,0.91,2026-01-13
QX-HHD-242,AV-93509,0.86,2024-10-26
QX-PRO-243,AV-93516,0.90,2025-12-14
QX-TIN-244,AV-93523,0.90,2024-07-02
QX-CER-245,AV-93530,0.89,2025-12-06
QX-BWS-247,AV-93537,0.81,2024-09-09
QX-BAK-248,AV-93544,0.79,2025-03-29
QX-FRZ-249,AV-93551,0.80,2025-06-22
QX-CHL-251,AV-93558,0.63,2025-08-29
QX-HHD-257,AV-93565,0.81,2025-08-31
QX-DRK-258,AV-93572,0.64,2025-03-08
QX-DRK-259,AV-93579,0.86,2026-01-24
QX-BWS-260,AV-93586,0.97,2025-02-15
QX-BAK-261,AV-93593,0.93,2025-09-07
QX-PRO-262,AV-93600,0.69,2025-08-12
QX-PRO-263,AV-93607,0.71,2026-02-11
QX-PRO-264,AV-93614,0.73,2025-10-21
QX-DRY-266,AV-93621,0.66,2025-06-14
QX-HHD-268,AV-93628,0.65,2024-09-04
QX-TIN-272,AV-93635,0.81,2024-11-02
QX-FRZ-273,AV-93642,0.71,2024-10-15
QX-CER-274,AV-93649,0.71,2025-05-25
QX-HBC-275,AV-93656,0.89,2024-08-12
QX-PET-276,AV-93663,0.66,2024-12-28
QX-BAK-277,AV-93670,0.98,2025-12-02
QX-CHL-278,AV-93677,0.99,2025-07-03
QX-DRK-280,AV-93684,0.91,2025-08-19
QX-DRK-281,AV-93691,0.62,2025-01-13
QX-BWS-282,AV-93698,0.95,2024-07-17
QX-TIN-284,AV-93705,0.98,2025-06-19
QX-PET-285,AV-93712,0.69,2025-02-22
QX-BAK-286,AV-93719,0.96,2024-08-31
QX-BWS-289,AV-93726,0.75,2025-02-24
QX-TIN-290,AV-93733,0.86,2024-08-08
QX-HBC-291,AV-93740,0.79,2025-11-28
QX-DRK-292,AV-93747,0.73,2025-04-06
QX-HHD-293,AV-93754,0.88,2024-06-26
QX-BAK-294,AV-93747,0.65,2025-06-22
QX-CHL-295,AV-93761,0.90,2024-11-19
QX-TIN-297,AV-93768,0.95,2024-09-18
QX-HBC-298,AV-93775,0.86,2025-01-20
QX-PRO-301,AV-93782,0.83,2025-05-09
QX-CER-302,AV-93789,0.92,2025-11-02
QX-CER-303,AV-93796,0.68,2025-09-14
QX-BWS-305,AV-93803,0.89,2025-04-13
QX-BWS-306,AV-93810,0.93,2024-05-16
QX-TIN-309,AV-93817,0.71,2024-06-03
QX-TIN-311,AV-93824,0.72,2024-05-16
QX-CHL-313,AV-93831,0.68,2024-12-17
QX-PET-315,AV-93838,0.85,2024-10-11
QX-HHD-316,AV-93845,0.92,2024-11-30
QX-DRY-317,AV-93852,0.78,2025-01-18
QX-DRY-318,AV-93859,0.74,2026-01-05
QX-DRK-320,AV-93866,0.87,2024-08-29
QX-HBC-321,AV-93873,0.84,2025-09-02
QX-DRY-322,AV-93880,0.81,2024-09-19
QX-DRK-323,AV-93887,0.97,2026-02-23
QX-DRY-324,AV-93894,0.70,2025-05-06
QX-BWS-329,AV-93901,0.80,2025-07-02
QX-HBC-332,AV-93908,0.94,2025-10-06
QX-DRY-333,AV-93915,0.97,2025-05-31
QX-FRZ-334,AV-93922,0.99,2025-12-10
QX-DRK-336,AV-93929,0.87,2024-09-19
QX-HHD-338,AV-93936,0.99,2024-07-10
QX-DRY-340,AV-93929,0.72,2024-09-06
QX-DRK-341,AV-93943,0.77,2024-12-12
QX-CER-343,AV-93950,0.94,2026-01-28
QX-FRZ-345,AV-93957,0.96,2025-10-25
QX-FRZ-346,AV-93964,0.78,2025-11-14
QX-HHD-347,AV-93971,0.67,2024-10-06
QX-DRK-348,AV-93978,0.67,2026-02-15
QX-CER-349,AV-93985,0.65,2025-05-09
QX-FRZ-351,AV-93992,0.63,2025-12-10
QX-BWS-352,AV-93999,0.85,2025-11-19
QX-CER-353,AV-94006,0.91,2024-11-03
QX-HHD-354,AV-94013,0.75,2024-09-10
QX-TIN-357,AV-94020,0.83,2025-10-01
QX-DRY-360,AV-94027,0.74,2025-08-07
QX-HHD-361,AV-94034,0.78,2025-09-10
QX-DRK-362,AV-94041,1.00,2024-06-06
QX-DRK-363,AV-94048,0.76,2025-02-17
QX-DRY-365,AV-94055,0.69,2024-07-24
QX-PRO-366,AV-94062,0.72,2025-04-24
QX-PET-368,AV-94069,0.68,2025-11-18
QX-CER-369,AV-94076,0.98,2025-06-11
QX-BWS-371,AV-94083,0.88,2025-06-22
QX-PET-372,AV-94090,0.85,2025-08-04
QX-HHD-374,AV-94097,0.79,2024-07-23
QX-CHL-375,AV-94104,0.89,2025-04-16
QX-BAK-376,AV-94111,0.92,2025-07-12
QX-BWS-377,AV-94118,0.90,2025-05-26
QX-CER-378,AV-94125,0.94,2025-12-19
QX-DRY-380,AV-94132,0.93,2024-12-16
QX-HHD-381,AV-94125,0.95,2026-01-03
QX-CHL-388,AV-94139,0.99,2025-06-20
QX-CHL-389,AV-94146,0.64,2025-07-10
QX-DRK-390,AV-94153,0.64,2024-09-05
QX-DRK-391,AV-94160,0.81,2025-12-19
QX-CHL-393,AV-94167,0.67,2025-09-26
QX-HBC-394,AV-94174,0.91,2026-01-01
QX-HHD-395,AV-94181,0.72,2025-04-14
QX-PET-396,AV-94188,0.95,2026-02-14
QX-PRO-397,AV-94195,0.96,2024-07-21
QX-CER-398,AV-94188,0.89,2025-01-29
QX-BWS-399,AV-94202,0.88,2024-06-04
QX-HBC-400,AV-94195,0.71,2025-05-02
QX-BWS-402,AV-94209,0.66,2025-08-31
QX-HHD-403,AV-94216,0.95,2026-01-21
QX-DRY-404,AV-94223,0.94,2025-04-27
QX-PET-405,AV-94230,0.78,2025-05-08
QX-HBC-406,AV-94237,0.74,2025-04-24
QX-DRY-408,AV-94244,0.68,2025-02-04
QX-PRO-409,AV-94251,0.80,2026-02-16
QX-BWS-412,AV-94258,0.93,2024-11-15
QX-FRZ-414,AV-94265,0.97,2026-03-02
QX-FRZ-415,AV-94258,0.97,2024-06-02
QX-PET-417,AV-94272,0.93,2025-11-04
QX-HHD-418,AV-94279,0.64,2024-07-17
QX-BAK-419,AV-94286,0.69,2024-10-15
QX-DRK-420,AV-94293,0.69,2024-10-31
QX-FRZ-421,AV-94300,0.97,2024-05-12
QX-PET-422,AV-94307,0.85,2024-05-08
QX-CHL-424,AV-94314,0.63,2024-06-06
QX-BAK-425,AV-94321,0.92,2024-10-13
QX-DRK-426,AV-94314,0.95,2025-09-07
QX-PET-427,AV-94328,0.80,2024-05-31
QX-FRZ-430,AV-94335,0.92,2024-08-10
QX-CHL-431,AV-94342,0.87,2024-10-29
QX-PET-432,AV-94349,0.86,2025-04-04
QX-CER-433,AV-94356,0.64,2024-11-20
QX-PRO-434,AV-94363,0.85,2025-01-04
QX-PRO-435,AV-94370,0.90,2026-02-09
QX-FRZ-436,AV-94377,0.95,2025-01-17
QX-FRZ-439,AV-94384,0.93,2024-10-30
QX-HHD-440,AV-94391,0.70,2024-07-18
QX-HBC-441,AV-94398,0.89,2025-07-09
QX-HHD-442,AV-94405,0.62,2025-07-18
QX-HHD-444,AV-94412,0.64,2025-04-03
QX-TIN-446,AV-94419,0.88,2025-11-14
QX-PET-449,AV-94412,0.64,2025-06-19
QX-HHD-450,AV-94426,0.74,2024-11-01
QX-BWS-451,AV-94419,0.85,2026-02-22
QX-HHD-452,AV-94433,0.67,2025-09-27
QX-PRO-453,AV-94440,0.87,2025-06-02
QX-CER-454,AV-94433,0.85,2024-09-25
QX-PET-455,AV-94447,0.73,2024-07-23
QX-PRO-456,AV-94454,0.66,2025-06-10
QX-DRY-457,AV-94461,0.79,2024-12-03
QX-CER-458,AV-94468,0.94,2025-01-07
QX-PET-459,AV-94475,0.93,2025-03-09
QX-DRK-460,AV-94482,1.00,2025-02-05
QX-BAK-461,AV-94489,0.86,2025-03-14
QX-PET-462,AV-94496,0.64,2025-06-05
QX-TIN-463,AV-94503,0.84,2025-11-30
QX-BAK-464,AV-94510,0.98,2025-09-30
QX-HBC-465,AV-94517,0.92,2025-11-17
QX-CHL-466,AV-94524,0.89,2025-10-15
QX-DRK-467,AV-94531,0.77,2025-10-13
QX-PET-471,AV-94538,0.72,2025-09-25
QX-CHL-475,AV-94545,0.67,2024-05-21
QX-PET-476,AV-94552,0.75,2024-06-15
QX-BWS-477,AV-94559,0.91,2024-10-26
QX-TIN-480,AV-94566,0.87,2025-04-11
QX-PET-481,AV-94573,0.76,2025-08-15
QX-CHL-482,AV-94580,0.81,2024-07-10
QX-DRK-484,AV-94587,0.73,2024-12-03
QX-HBC-486,AV-94594,0.92,2025-10-18
QX-BAK-488,AV-94601,0.84,2024-07-11
QX-DRY-489,AV-94608,0.77,2024-08-05
QX-BWS-490,AV-94615,0.81,2026-01-09
QX-HHD-492,AV-94622,0.75,2024-10-20
QX-HHD-493,AV-94629,0.97,2025-09-17
QX-PET-494,AV-94636,0.90,2025-05-22
QX-FRZ-495,AV-94643,0.97,2024-12-27
QX-HBC-499,AV-94650,0.88,2024-07-26
QX-BAK-502,AV-94657,0.78,2024-11-19
QX-PET-505,AV-94664,0.94,2025-03-14
QX-FRZ-509,AV-94671,0.67,2024-09-18
QX-TIN-510,AV-94678,0.91,2025-11-17
QX-CHL-511,AV-94685,0.96,2025-04-18
QX-DRK-513,AV-94692,0.72,2025-11-24
QX-BAK-514,AV-94699,0.98,2024-10-01
QX-HHD-516,AV-94706,0.64,2024-12-25
QX-BAK-520,AV-94713,0.71,2024-06-12
QX-HHD-522,AV-94720,0.65,2025-12-04
QX-HHD-523,AV-94713,0.71,2024-12-05
QX-PET-524,AV-94727,0.88,2024-12-19
QX-CHL-525,AV-94734,0.64,2025-12-19
QX-BAK-528,AV-94741,0.74,2025-03-24
QX-PET-531,AV-94748,0.76,2025-09-04
QX-HBC-532,AV-94755,0.89,2024-11-03
QX-TIN-533,AV-94762,0.74,2026-02-11
QX-CER-537,AV-94769,0.62,2024-09-20
QX-BWS-538,AV-94776,0.63,2025-12-22
QX-DRY-539,AV-94783,0.66,2024-12-20
QX-PRO-541,AV-94790,0.80,2024-12-08
QX-HHD-542,AV-94797,0.81,2026-01-01
QX-PRO-543,AV-94804,0.87,2025-08-22
QX-PRO-544,AV-94811,0.66,2025-11-13
QX-DRY-545,AV-94818,0.66,2024-11-24
QX-PRO-546,AV-94825,0.66,2025-07-20
QX-CHL-549,AV-94832,0.70,2025-09-22
QX-PRO-551,AV-94839,0.71,2026-01-26
QX-DRY-552,AV-94846,1.00,2025-01-16
QX-HBC-553,AV-94853,0.92,2025-12-23
QX-DRK-554,AV-94860,0.70,2025-10-30
QX-FRZ-555,AV-94867,0.78,2024-08-30
QX-TIN-556,AV-94874,0.69,2025-06-06
QX-BWS-557,AV-94881,0.95,2025-09-13
QX-PRO-562,AV-94888,0.91,2024-08-21
QX-HBC-563,AV-94895,0.68,2025-12-30
QX-CER-564,AV-94902,0.79,2024-11-27
QX-HHD-566,AV-94909,0.94,2025-09-07
QX-TIN-567,AV-94916,0.94,2024-08-24
QX-CER-568,AV-94923,0.88,2024-11-04
QX-PET-569,AV-94930,0.89,2025-01-15
QX-DRK-571,AV-94937,0.69,2025-07-27
QX-BWS-572,AV-94944,0.70,2025-03-08
QX-PRO-573,AV-94951,0.97,2025-11-18
QX-HBC-574,AV-94958,0.79,2024-12-27
QX-BWS-575,AV-94965,0.84,2024-09-17
QX-FRZ-576,AV-94972,0.80,2025-09-21
QX-BAK-577,AV-94979,0.93,2025-05-18
QX-PRO-578,AV-94986,0.95,2025-06-17
QX-HHD-580,AV-94993,0.79,2025-01-08
QX-CHL-581,AV-95000,0.74,2025-03-22
QX-DRK-582,AV-95007,0.86,2024-09-20
QX-HHD-583,AV-95014,0.94,2024-08-17
QX-DRK-584,AV-95021,0.93,2024-10-14
QX-DRK-586,AV-95028,0.86,2025-08-20
QX-DRY-588,AV-95035,0.66,2024-09-10
QX-CER-589,AV-95042,0.77,2025-07-10
QX-PRO-591,AV-95049,0.72,2025-12-31
QX-PET-592,AV-95056,0.88,2024-11-10
QX-BAK-593,AV-95063,0.64,2025-10-11
QX-HHD-596,AV-95070,0.77,2026-02-23
QX-CER-597,AV-95077,0.78,2024-07-22
QX-PRO-598,AV-95084,0.97,2024-06-03
QX-CER-599,AV-95091,0.96,2024-08-18
QX-BAK-600,AV-95098,0.93,2025-04-02
QX-HHD-601,AV-95105,0.97,2024-12-01
QX-PRO-602,AV-95112,0.86,2025-09-08
QX-DRK-603,AV-95119,0.73,2024-10-04
QX-DRY-604,AV-95126,0.91,2024-10-22
QX-BWS-605,AV-95133,0.69,2025-04-10
QX-PRO-606,AV-95140,0.69,2025-09-21
QX-BAK-607,AV-95147,0.89,2025-10-30
QX-PRO-608,AV-95154,0.89,2025-04-13
QX-HBC-609,AV-95161,1.00,2024-05-26
QX-BWS-610,AV-95168,0.90,2025-01-13
QX-DRK-611,AV-95161,0.78,2025-08-29
QX-CER-612,AV-95175,0.75,2025-08-30
QX-BWS-613,AV-95182,0.73,2025-05-08
QX-FRZ-614,AV-95175,0.73,2025-01-09
QX-CHL-615,AV-95189,0.87,2024-05-24
QX-BAK-616,AV-95196,0.87,2024-11-15
QX-BWS-617,AV-95203,0.73,2025-01-26
QX-BWS-618,AV-95210,0.87,2024-12-02
QX-BAK-619,AV-95217,0.85,2025-02-06
QX-FRZ-621,AV-95224,0.72,2024-08-11
QX-CHL-623,AV-95231,0.77,2025-08-11
QX-DRY-624,AV-95238,0.74,2025-05-30
QX-CER-625,AV-95245,0.84,2024-10-21
QX-HHD-627,AV-95252,0.71,2024-11-03
QX-FRZ-628,AV-95259,0.64,2025-01-26
QX-FRZ-629,AV-95266,0.63,2024-06-02
QX-DRK-630,AV-95273,0.71,2025-07-28
QX-FRZ-631,AV-95280,0.94,2025-07-04
QX-TIN-632,AV-95287,0.93,2024-08-20
QX-CHL-633,AV-95294,0.64,2025-11-17
QX-DRK-634,AV-95287,0.85,2024-07-23
QX-BAK-635,AV-95301,0.69,2024-09-24
QX-TIN-636,AV-95308,0.63,2024-12-14
QX-HHD-637,AV-95315,0.64,2025-05-29
QX-PET-638,AV-95322,0.83,2024-12-21
QX-BAK-639,AV-95329,0.97,2025-06-01
QX-HHD-640,AV-95336,0.73,2025-11-20
QX-FRZ-641,AV-95343,0.75,2024-10-23
QX-PRO-643,AV-95350,0.88,2025-10-12
QX-BAK-644,AV-95343,0.69,2025-03-02
QX-DRK-645,AV-95357,0.88,2026-01-19
QX-DRY-646,AV-95364,0.81,2025-01-03
QX-BAK-647,AV-95371,0.66,2025-08-17
QX-FRZ-649,AV-95378,0.79,2025-03-20
QX-DRK-651,AV-95385,0.93,2024-05-24
QX-FRZ-652,AV-95392,0.77,2025-03-22
QX-CER-653,AV-95399,0.69,2024-11-01
QX-BAK-654,AV-95406,0.67,2025-07-23
QX-TIN-656,AV-95413,0.89,2024-09-05
QX-CER-657,AV-95420,0.87,2024-11-25
QX-DRY-658,AV-95427,0.71,2024-11-25
QX-BAK-660,AV-95420,0.70,2024-08-03
QX-CER-663,AV-95434,0.76,2024-09-19
QX-BAK-664,AV-95441,0.84,2024-09-23
QX-BWS-666,AV-95448,0.81,2025-06-26
QX-FRZ-667,AV-95455,1.00,2025-09-24
QX-CER-668,AV-95462,0.81,2026-01-26
QX-DRK-669,AV-95469,0.98,2025-10-02
QX-HHD-670,AV-95476,0.82,2025-12-25
QX-BWS-671,AV-95483,0.92,2024-05-14
QX-TIN-672,AV-95490,0.83,2024-05-31
QX-CER-674,AV-95497,0.86,2025-02-04
QX-CHL-675,AV-95504,0.89,2024-11-09
QX-DRK-676,AV-95511,0.76,2025-04-18
QX-DRK-677,AV-95518,0.66,2024-10-15
QX-FRZ-678,AV-95525,0.73,2024-12-23
QX-HHD-679,AV-95532,0.70,2024-05-02
QX-CHL-680,AV-95539,0.73,2024-12-26
QX-PRO-683,AV-95546,0.88,2025-03-30
QX-BWS-684,AV-95553,0.92,2025-01-01
QX-PET-685,AV-95560,0.70,2025-11-02
QX-BAK-687,AV-95567,0.81,2025-01-13
QX-DRK-688,AV-95574,0.97,2024-09-18
QX-PRO-689,AV-95581,0.94,2026-02-25
QX-PET-690,AV-95588,0.86,2024-09-03
QX-BWS-691,AV-95595,0.99,2024-05-18
QX-PRO-692,AV-95602,0.80,2025-03-19
QX-DRY-693,AV-95609,0.96,2025-04-10
QX-FRZ-694,AV-95616,0.94,2025-08-24
QX-HHD-697,AV-95623,0.72,2024-06-13
QX-CER-698,AV-95630,0.70,2025-09-22
QX-BAK-700,AV-95637,0.89,2024-09-09
QX-PET-702,AV-95644,0.83,2025-01-10
QX-CHL-703,AV-95651,0.80,2025-11-11
QX-FRZ-704,AV-95644,0.95,2024-11-22
QX-TIN-705,AV-95658,0.78,2025-03-20
QX-TIN-706,AV-95665,0.92,2024-08-01
QX-BWS-707,AV-95672,0.81,2025-03-23
QX-HHD-708,AV-95679,0.81,2026-01-08
QX-BWS-711,AV-95686,0.84,2024-10-21
QX-FRZ-712,AV-95693,0.70,2025-04-14
QX-CER-714,AV-95700,0.97,2025-07-25
QX-TIN-715,AV-95707,0.93,2024-06-30
QX-BAK-716,AV-95714,0.90,2026-02-24
QX-CER-717,AV-95721,0.70,2024-11-03
QX-CER-720,AV-95728,0.72,2024-06-09
QX-HBC-721,AV-95735,0.90,2024-10-10
QX-TIN-722,AV-95742,0.90,2025-05-05
QX-DRY-724,AV-95749,0.73,2024-07-18
QX-HHD-725,AV-95756,0.92,2025-12-12
QX-BAK-726,AV-95763,0.87,2025-02-19
QX-DRY-727,AV-95770,0.80,2026-01-12
QX-HHD-728,AV-95777,0.78,2025-03-18
QX-PET-729,AV-95784,0.70,2024-08-01
QX-PRO-731,AV-95791,0.76,2025-02-25
QX-TIN-732,AV-95798,0.86,2025-02-22
QX-DRK-733,AV-95805,0.89,2024-05-25
QX-CHL-734,AV-95812,0.77,2024-09-13
QX-PET-736,AV-95819,0.65,2026-02-09
QX-BAK-737,AV-95812,0.81,2025-12-13
QX-HBC-738,AV-95826,0.73,2024-10-17
QX-HHD-739,AV-95819,0.77,2025-10-31
QX-DRK-741,AV-95819,0.89,2024-07-30
QX-DRK-743,AV-95833,0.63,2026-01-27
QX-TIN-744,AV-95840,0.99,2024-07-28
QX-FRZ-745,AV-95847,0.85,2025-11-04
QX-PET-748,AV-95854,0.62,2025-04-02
QX-DRY-749,AV-95861,0.96,2024-12-02
QX-PET-750,AV-95868,0.98,2025-01-29
QX-FRZ-751,AV-95875,0.90,2025-07-01
QX-FRZ-752,AV-95882,0.71,2025-09-12
QX-CHL-753,AV-95889,0.98,2025-07-18
QX-HHD-754,AV-95896,0.96,2024-09-05
QX-CER-757,AV-95903,0.71,2024-11-05
QX-HBC-758,AV-95910,0.87,2024-07-17
QX-DRY-759,AV-95917,0.69,2026-03-02
QX-TIN-760,AV-95924,0.62,2024-10-18
QX-CER-762,AV-95931,0.67,2025-11-15
QX-DRK-763,AV-95938,0.97,2025-06-13
QX-TIN-765,AV-95931,0.65,2025-08-13
QX-HBC-767,AV-95945,0.64,2024-12-17
QX-BAK-769,AV-95952,0.89,2025-05-25
QX-FRZ-770,AV-95959,0.78,2026-02-24
QX-FRZ-772,AV-95966,0.99,2025-03-31
QX-CHL-773,AV-95973,0.67,2025-09-19
QX-BAK-774,AV-95980,0.93,2025-12-24
QX-HHD-775,AV-95987,0.82,2024-06-16
QX-CHL-776,AV-95994,0.67,2025-02-09
QX-BAK-777,AV-96001,0.79,2025-11-07
QX-BAK-778,AV-96008,0.95,2025-04-10
QX-BWS-779,AV-96015,0.82,2025-02-17
QX-TIN-780,AV-96008,0.74,2024-11-19
QX-PRO-781,AV-96022,0.90,2024-12-01
QX-HHD-782,AV-96029,0.69,2024-08-10
QX-FRZ-784,AV-96036,0.75,2024-11-05
QX-CER-785,AV-96043,0.65,2024-09-22
QX-CHL-786,AV-96050,0.63,2025-02-12
QX-HHD-787,AV-96057,0.87,2024-08-24
QX-BAK-788,AV-96064,0.88,2024-06-03
QX-BWS-789,AV-96071,0.75,2026-02-13
QX-DRY-790,AV-96078,0.62,2025-10-25
QX-TIN-792,AV-96085,0.80,2024-09-19
QX-BAK-793,AV-96092,0.76,2025-08-26
QX-TIN-794,AV-96099,0.90,2025-04-18
QX-PET-797,AV-96106,0.96,2025-05-02
QX-CER-798,AV-96113,0.64,2025-10-12
QX-TIN-799,AV-96120,0.93,2025-04-01
QX-PRO-801,AV-96127,0.73,2024-08-26
QX-TIN-802,AV-96134,0.82,2024-09-23
QX-BAK-803,AV-96141,0.64,2024-10-13
QX-HBC-805,AV-96148,0.80,2025-07-20
QX-HBC-806,AV-96155,0.83,2025-07-28
QX-BAK-807,AV-96162,0.93,2025-04-02
QX-BWS-808,AV-96169,0.92,2025-12-28
QX-BWS-809,AV-96176,0.90,2024-09-06
QX-BAK-810,AV-96183,0.86,2024-07-31
QX-HBC-811,AV-96176,0.97,2024-11-18
QX-DRK-812,AV-96190,0.76,2024-09-10
QX-DRY-813,AV-96183,0.71,2026-02-05
QX-CER-815,AV-96197,0.81,2025-12-16
QX-CER-816,AV-96190,0.97,2024-09-12
QX-PET-817,AV-96204,0.66,2025-04-27
QX-DRY-819,AV-96211,0.65,2025-12-09
QX-TIN-820,AV-96218,0.66,2025-04-03
QX-BWS-821,AV-96225,0.87,2024-12-31
QX-CHL-823,AV-96232,0.95,2025-08-19
QX-PRO-824,AV-96239,0.65,2024-10-07
QX-CHL-825,AV-96232,0.88,2025-08-15
QX-FRZ-829,AV-96232,1.00,2025-12-12
QX-CER-830,AV-96232,0.63,2025-07-12
QX-TIN-831,AV-96246,0.85,2025-04-19
QX-PET-832,AV-96253,0.84,2025-09-09
QX-DRK-834,AV-96260,0.65,2025-07-21
QX-DRY-835,AV-96267,0.70,2024-11-10
QX-FRZ-836,AV-96274,0.86,2026-02-28
QX-BAK-837,AV-96281,0.62,2025-03-12
QX-HBC-838,AV-96288,0.99,2024-10-18
QX-TIN-839,AV-96295,0.79,2025-04-06
QX-BAK-840,AV-96302,0.70,2024-12-16
QX-CER-841,AV-96309,0.86,2025-06-04
QX-BWS-843,AV-96316,0.76,2025-09-22
QX-TIN-844,AV-96323,0.71,2026-01-29
QX-HHD-845,AV-96330,0.66,2025-02-19
QX-PRO-846,AV-96337,0.69,2025-06-22
QX-FRZ-847,AV-96344,0.78,2024-07-20
QX-DRY-849,AV-96351,0.88,2024-10-07
QX-CER-851,AV-96358,0.78,2024-06-12
QX-DRK-853,AV-96351,0.65,2026-02-18
QX-HBC-854,AV-96365,0.82,2025-11-01
QX-HHD-855,AV-96372,0.78,2025-12-20
QX-HBC-857,AV-96379,0.83,2025-07-17
QX-PRO-858,AV-96386,0.73,2024-12-04
QX-DRK-859,AV-96393,0.64,2024-05-26
QX-DRY-860,AV-96386,0.88,2025-05-24
QX-DRY-863,AV-96400,0.98,2024-11-26
QX-BWS-864,AV-96407,0.69,2024-08-16
QX-HBC-865,AV-96400,0.88,2025-06-05
QX-PET-866,AV-96414,0.96,2024-07-02
QX-BWS-867,AV-96421,0.87,2024-12-11
QX-PET-869,AV-96428,0.76,2024-05-12
QX-TIN-870,AV-96435,0.67,2024-10-09
QX-DRY-871,AV-96442,0.77,2025-11-29
QX-BAK-873,AV-96449,0.69,2025-12-12
QX-FRZ-874,AV-96456,0.90,2025-09-01
QX-HBC-875,AV-96463,0.81,2024-12-30
QX-CHL-876,AV-96470,0.92,2024-12-27
QX-BAK-877,AV-96477,0.78,2024-08-10
QX-TIN-878,AV-96484,0.94,2025-08-15
QX-BAK-879,AV-96491,0.73,2024-08-30
QX-DRY-880,AV-96498,0.69,2025-04-15
QX-BAK-882,AV-96505,0.66,2025-09-05
QX-PET-883,AV-96512,0.79,2025-05-13
QX-PET-884,AV-96519,0.76,2025-02-04
QX-FRZ-885,AV-96526,0.90,2025-03-28
QX-PRO-886,AV-96533,0.72,2025-08-17
QX-FRZ-888,AV-96540,0.92,2025-10-14
QX-CER-890,AV-96533,0.67,2025-10-03
QX-DRY-893,AV-96547,0.94,2025-10-30
QX-TIN-894,AV-96554,0.80,2026-02-17
QX-BAK-896,AV-96561,0.64,2025-04-30
QX-BWS-897,AV-96568,0.69,2026-02-21
QX-CER-899,AV-96575,0.71,2025-12-06
QX-TIN-900,AV-96582,0.71,2024-08-12
QX-FRZ-901,AV-96589,0.83,2025-08-31
QX-FRZ-902,AV-96596,0.84,2025-05-04
QX-CER-903,AV-96603,0.88,2025-04-02
QX-FRZ-904,AV-96610,0.90,2026-01-21
QX-PET-906,AV-96617,0.88,2024-05-23
QX-PRO-907,AV-96624,0.70,2024-11-23
QX-DRK-909,AV-96631,0.80,2024-06-13
QX-DRK-911,AV-96638,0.87,2026-01-11
QX-FRZ-912,AV-96645,0.71,2025-01-11
QX-TIN-914,AV-96652,0.67,2024-10-28
QX-TIN-915,AV-96659,0.80,2025-12-15
QX-TIN-916,AV-96666,0.73,2024-07-06
QX-CER-917,AV-96673,0.70,2025-01-22
QX-TIN-918,AV-96680,0.81,2025-08-23
QX-PRO-919,AV-96687,0.87,2024-07-18
QX-HBC-920,AV-96694,0.78,2024-08-19
QX-CHL-921,AV-96701,0.91,2025-08-12
QX-DRK-922,AV-96708,0.90,2025-05-06
QX-PRO-923,AV-96715,0.67,2025-06-03
QX-HBC-924,AV-96722,0.75,2024-11-05
QX-CHL-925,AV-96729,0.72,2025-05-20
QX-PRO-926,AV-96736,0.84,2025-03-28
QX-PET-927,AV-96743,0.67,2025-10-20
QX-HBC-928,AV-96750,0.62,2025-10-06
QX-HHD-929,AV-96757,0.78,2024-10-03
QX-FRZ-930,AV-96764,0.81,2024-05-08
QX-PET-931,AV-96771,0.85,2024-08-28
QX-CHL-932,AV-96764,0.85,2025-09-30
QX-FRZ-933,AV-96778,0.92,2024-06-10
QX-CHL-935,AV-96785,0.71,2025-07-31
QX-TIN-936,AV-96792,0.81,2025-11-14
QX-HBC-937,AV-96799,0.71,2025-07-31
QX-TIN-938,AV-96806,0.82,2025-04-14
QX-TIN-939,AV-96813,0.84,2024-11-07
QX-DRK-940,AV-96820,0.68,2024-07-18
QX-FRZ-941,AV-96827,0.88,2025-06-15
QX-HHD-942,AV-96834,0.97,2025-12-26
QX-CHL-943,AV-96841,0.67,2025-12-18
QX-BWS-944,AV-96848,0.71,2025-04-02
QX-DRY-945,AV-96855,0.68,2024-08-04
QX-CER-946,AV-96848,0.83,2024-11-03
QX-BAK-947,AV-96862,0.90,2024-11-16
QX-DRK-948,AV-96869,0.78,2025-11-13
QX-PRO-949,AV-96876,0.62,2025-06-09
QX-TIN-951,AV-96883,0.91,2025-03-28
QX-DRY-952,AV-96890,0.88,2026-01-28
QX-FRZ-953,AV-96897,0.68,2025-05-20
QX-CER-954,AV-96904,0.98,2025-06-14
QX-BAK-955,AV-96911,0.97,2024-10-01
QX-PET-956,AV-96918,0.78,2026-01-06
QX-FRZ-957,AV-96925,0.86,2025-12-26
QX-HBC-959,AV-96932,0.94,2024-10-22
QX-TIN-961,AV-96939,0.91,2025-01-11
QX-FRZ-962,AV-96946,0.99,2024-06-21
QX-DRK-963,AV-96953,0.72,2025-12-18
QX-PRO-964,AV-96960,0.72,2024-07-18
QX-CER-968,AV-96967,0.83,2025-01-01
QX-HHD-969,AV-96974,0.67,2025-10-19
QX-CHL-971,AV-96981,0.73,2025-12-06
QX-CER-973,AV-96988,0.64,2025-09-27
QX-CHL-976,AV-96995,0.91,2025-08-22
QX-TIN-978,AV-97002,0.92,2024-06-22
QX-HBC-979,AV-97009,0.83,2025-06-18
QX-PET-980,AV-97016,0.82,2025-06-21
QX-HBC-982,AV-97023,0.87,2024-12-08
QX-DRY-984,AV-97030,0.70,2025-04-13
QX-DRK-985,AV-97037,0.75,2025-02-15
QX-DRK-986,AV-97044,0.82,2025-06-02
QX-HHD-987,AV-97051,0.74,2025-03-17
QX-HHD-988,AV-97044,0.77,2025-04-18
QX-CHL-989,AV-97058,0.87,2024-12-17
QX-BWS-991,AV-97065,0.77,2024-12-01
QX-FRZ-992,AV-97072,0.63,2024-06-19
QX-BAK-994,AV-97079,0.71,2024-08-18
QX-DRY-996,AV-97086,0.73,2025-06-07
QX-FRZ-997,AV-97093,0.83,2025-04-17
QX-PRO-999,AV-97100,0.80,2024-07-07
QX-BAK-000,AV-97107,0.88,2025-06-08
QX-BAK-001,AV-97114,0.85,2025-08-08
QX-CER-003,AV-97121,0.81,2024-08-07
QX-CER-006,AV-97128,0.63,2024-05-23
QX-TIN-007,AV-97121,0.84,2024-09-02
QX-HHD-008,AV-97135,0.96,2025-08-01
QX-HHD-009,AV-97142,0.95,2025-08-31
QX-CHL-012,AV-97149,0.98,2026-02-28
QX-PET-013,AV-97156,0.77,2025-10-06
QX-HHD-014,AV-97163,0.83,2024-09-21
QX-DRY-016,AV-97170,0.81,2025-11-26
QX-DRY-017,AV-97177,0.66,2025-08-16
QX-PET-018,AV-97170,0.67,2026-01-21
QX-FRZ-019,AV-97184,0.89,2025-04-19
QX-HBC-021,AV-97191,0.80,2026-01-22
QX-FRZ-022,AV-97198,0.73,2025-02-05
QX-HHD-023,AV-97191,0.74,2025-01-31
QX-DRY-024,AV-97205,0.89,2025-06-24
QX-TIN-027,AV-97212,0.73,2024-10-19
QX-FRZ-028,AV-97219,0.66,2024-05-17
QX-FRZ-029,AV-97226,0.69,2025-06-08
QX-CHL-032,AV-97233,0.86,2024-06-13
QX-HHD-033,AV-97240,0.87,2026-01-08
QX-CER-034,AV-97247,0.71,2026-02-27
QX-PET-035,AV-97254,0.73,2025-02-23
QX-DRK-036,AV-97261,0.66,2024-05-18
QX-CER-038,AV-97268,0.95,2024-08-16
QX-DRY-039,AV-97275,0.80,2024-12-15
QX-PRO-040,AV-97282,0.93,2025-02-28
QX-DRY-041,AV-97289,0.74,2025-11-22
QX-DRY-042,AV-97296,0.85,2024-12-26
QX-PRO-043,AV-97303,0.85,2024-12-26
QX-BAK-044,AV-97310,0.67,2025-06-28
QX-DRY-046,AV-97303,0.88,2024-12-19
QX-FRZ-048,AV-97317,0.68,2024-09-01
QX-FRZ-049,AV-97324,0.73,2024-11-03
QX-CER-051,AV-97331,0.74,2025-01-05
QX-CER-052,AV-97338,0.67,2026-02-14
QX-DRY-054,AV-97345,0.94,2025-02-09
QX-BWS-057,AV-97352,0.81,2024-08-19
QX-DRY-058,AV-97359,0.90,2025-10-30
QX-DRK-059,AV-97366,0.94,2024-09-03
QX-BAK-060,AV-97373,0.70,2025-02-05
QX-TIN-061,AV-97380,0.92,2024-12-03
QX-HBC-062,AV-97387,0.84,2024-06-24
QX-BAK-063,AV-97394,0.99,2025-03-12
QX-CER-064,AV-97401,0.99,2025-09-29
QX-PRO-065,AV-97394,0.99,2024-12-20
QX-FRZ-067,AV-97408,0.79,2026-01-13
QX-PRO-068,AV-97415,0.75,2024-09-13
QX-HHD-070,AV-97422,0.90,2025-02-05
QX-PET-072,AV-97429,0.88,2024-11-13
QX-BAK-076,AV-97436,0.64,2024-08-02
QX-HHD-077,AV-97443,1.00,2025-03-10
QX-PET-078,AV-97450,0.92,2024-11-08
QX-FRZ-079,AV-97457,0.87,2026-02-15
QX-BAK-081,AV-97464,0.86,2026-02-05
QX-CHL-082,AV-97471,0.91,2024-12-27
QX-TIN-083,AV-97478,0.92,2025-06-30
QX-HBC-084,AV-97485,0.92,2025-08-09
QX-PET-085,AV-97492,0.80,2026-02-23
QX-HHD-086,AV-97499,0.73,2025-11-10
QX-CHL-087,AV-97506,0.95,2025-10-15
QX-DRK-088,AV-97513,0.90,2025-08-18
QX-HBC-089,AV-97520,1.00,2025-09-07
QX-PET-090,AV-97527,0.84,2024-06-05
QX-HHD-092,AV-97534,0.87,2024-07-18
QX-BWS-094,AV-97541,0.80,2024-07-03
QX-FRZ-095,AV-97548,0.66,2024-07-14
QX-PET-097,AV-97555,0.91,2024-11-12
QX-CHL-098,AV-97562,0.72,2024-12-26
QX-DRK-099,AV-97569,0.81,2024-12-24
QX-PET-100,AV-97576,0.95,2024-08-27
QX-HHD-101,AV-97583,0.73,2025-04-03
QX-HHD-102,AV-97590,0.76,2025-10-21
QX-DRK-103,AV-97597,0.66,2025-08-27
QX-DRK-104,AV-97604,0.85,2025-05-13
QX-CER-106,AV-97611,0.69,2025-05-29
QX-DRY-107,AV-97618,0.63,2025-08-07
QX-TIN-108,AV-97625,0.82,2025-09-08
QX-BAK-109,AV-97618,0.84,2025-02-26
QX-DRY-110,AV-97632,0.76,2025-12-21
QX-DRY-111,AV-97639,0.91,2025-02-25
QX-BAK-112,AV-97646,0.96,2024-05-30
QX-FRZ-113,AV-97653,0.63,2025-01-03
QX-HBC-114,AV-97660,0.85,2024-09-30
QX-CER-115,AV-97667,0.83,2025-01-28
QX-DRY-116,AV-97674,0.99,2025-01-11
QX-TIN-117,AV-97681,0.79,2025-06-06
QX-BWS-118,AV-97688,0.99,2024-08-04
QX-DRY-119,AV-97695,0.85,2025-08-02
QX-TIN-122,AV-97702,0.64,2025-04-04
QX-CHL-123,AV-97709,0.90,2024-05-17
QX-TIN-124,AV-97716,0.98,2025-12-12
QX-DRK-125,AV-97723,0.74,2025-02-15
QX-BWS-126,AV-97730,0.69,2025-09-20
QX-PRO-127,AV-97723,0.62,2024-10-12
QX-DRY-129,AV-97737,0.89,2025-09-12
QX-PRO-130,AV-97744,0.82,2025-08-16
QX-HBC-132,AV-97751,0.96,2024-06-08
QX-FRZ-133,AV-97758,0.63,2025-01-24
QX-CER-135,AV-97765,0.72,2024-07-08
QX-DRK-136,AV-97772,0.67,2025-10-17
QX-PET-137,AV-97779,0.93,2026-01-23
QX-TIN-138,AV-97786,0.75,2025-03-13
QX-BAK-139,AV-97793,0.80,2025-03-05
QX-DRY-140,AV-97800,1.00,2025-02-11
QX-CER-141,AV-97807,0.76,2024-10-13
QX-PRO-142,AV-97814,0.74,2024-07-15
QX-TIN-146,AV-97821,0.73,2024-07-09
QX-BWS-147,AV-97828,1.00,2025-04-14
QX-HHD-148,AV-97835,0.83,2024-12-27
QX-PET-150,AV-97842,0.65,2024-11-20
QX-CER-151,AV-97849,0.84,2025-01-21
QX-DRK-152,AV-97856,0.73,2024-05-26
QX-PRO-154,AV-97863,0.79,2025-02-07
QX-CER-156,AV-97870,0.90,2025-08-22
QX-PRO-158,AV-97877,0.67,2024-09-19
QX-CHL-159,AV-97884,0.97,2025-02-03
QX-HBC-160,AV-97891,0.97,2026-01-16
QX-TIN-161,AV-97898,0.93,2024-11-13
QX-PRO-162,AV-97905,0.66,2025-12-20
QX-BWS-163,AV-97912,0.70,2025-12-31
QX-DRK-164,AV-97919,0.74,2025-01-29
QX-TIN-165,AV-97912,0.80,2024-06-03
QX-DRY-166,AV-97926,0.95,2024-10-06
QX-DRK-167,AV-97933,0.90,2024-05-17
QX-TIN-168,AV-97940,0.69,2025-11-13
QX-BAK-169,AV-97947,0.89,2025-06-09
QX-DRY-170,AV-97954,0.63,2026-01-05
QX-HBC-171,AV-97961,0.76,2025-07-06
QX-HHD-173,AV-97968,0.68,2025-09-30
QX-CHL-175,AV-97975,0.71,2025-12-14
QX-FRZ-176,AV-97982,0.64,2025-08-25
QX-DRK-177,AV-97989,0.80,2024-12-27
QX-HBC-180,AV-97996,0.83,2025-06-03
QX-PET-181,AV-98003,0.93,2025-11-21
QX-DRK-182,AV-98010,0.90,2025-12-12
QX-HHD-184,AV-98017,0.65,2025-08-21
QX-TIN-185,AV-98010,0.97,2025-04-11
QX-BWS-186,AV-98024,0.98,2025-07-20
QX-PRO-187,AV-98031,0.69,2024-10-12
QX-HBC-188,AV-98038,0.73,2025-11-26
QX-DRY-189,AV-98045,0.78,2025-07-09
QX-HHD-191,AV-98052,0.81,2025-06-23
QX-PET-192,AV-98059,0.70,2025-10-20
QX-HHD-193,AV-98066,0.91,2025-07-26
QX-DRY-194,AV-98073,0.87,2025-11-13
QX-FRZ-196,AV-98080,0.80,2025-09-19
QX-CHL-197,AV-98087,0.65,2024-12-31
QX-BAK-199,AV-98094,0.64,2025-08-20
QX-HBC-200,AV-98087,0.78,2025-12-10
QX-CER-201,AV-98101,0.84,2025-05-02
QX-FRZ-202,AV-98094,0.84,2025-07-08
QX-CHL-203,AV-98108,0.75,2025-12-15
QX-BAK-204,AV-98115,0.74,2025-06-13
QX-DRY-206,AV-98122,0.64,2025-05-18
QX-HHD-207,AV-98129,0.73,2024-07-13
QX-BAK-208,AV-98136,0.90,2026-02-19
QX-DRY-209,AV-98143,0.67,2025-07-23
QX-HBC-211,AV-98150,0.71,2024-07-11
QX-PET-214,AV-98157,0.87,2024-06-22
QX-HHD-217,AV-98150,0.62,2024-09-22
QX-DRY-218,AV-98164,0.93,2025-06-16
QX-CHL-219,AV-98171,0.70,2024-11-01
QX-HHD-220,AV-98178,0.70,2024-05-28
QX-HHD-221,AV-98185,0.73,2024-08-28
QX-DRK-223,AV-98192,0.88,2024-09-24
QX-HBC-224,AV-98199,0.87,2026-01-22
QX-DRY-225,AV-98206,0.83,2025-03-22
QX-CHL-226,AV-98213,0.65,2024-06-08
QX-PRO-227,AV-98220,0.86,2025-08-19
QX-DRY-228,AV-98227,0.82,2024-12-05
QX-HBC-230,AV-98234,0.66,2025-01-05
QX-DRY-232,AV-98241,0.97,2025-03-09
QX-HHD-233,AV-98248,0.83,2026-01-24
QX-CER-234,AV-98241,0.69,2024-08-18
QX-TIN-235,AV-98255,0.85,2024-06-02
QX-BWS-237,AV-98262,0.76,2025-07-21
QX-PET-238,AV-98269,0.64,2024-08-13
QX-HBC-240,AV-98276,0.72,2025-12-29
QX-CHL-241,AV-98283,0.62,2025-01-27
QX-PET-245,AV-98276,0.77,2025-09-03
QX-BAK-247,AV-98290,0.67,2024-10-20
QX-BAK-250,AV-98297,0.70,2024-10-10
QX-CER-251,AV-98304,0.88,2026-02-07
QX-TIN-252,AV-98311,0.69,2024-06-22
QX-BAK-253,AV-98318,0.81,2024-05-21
QX-HBC-254,AV-98325,0.68,2025-03-28
QX-HHD-256,AV-98332,0.77,2024-10-05
QX-DRY-258,AV-98339,0.98,2025-04-15
QX-TIN-259,AV-98346,0.88,2025-11-15
QX-CHL-261,AV-98353,0.94,2025-11-19
QX-BAK-262,AV-98360,0.71,2025-04-30
QX-FRZ-263,AV-98367,0.86,2024-09-07
QX-DRK-264,AV-98374,0.71,2025-05-01
QX-TIN-265,AV-98367,0.92,2024-10-08
QX-PRO-267,AV-98381,0.73,2025-06-21
QX-BWS-268,AV-98388,0.73,2025-08-26
QX-DRY-270,AV-98395,0.99,2025-10-19
QX-CER-272,AV-98402,0.84,2025-04-10
QX-HHD-273,AV-98409,0.95,2026-01-17
QX-PRO-274,AV-98416,0.87,2026-01-23
QX-DRY-275,AV-98423,0.79,2025-04-12
QX-HHD-276,AV-98430,0.65,2025-12-18
QX-BAK-278,AV-98437,0.62,2024-07-19
QX-CHL-279,AV-98444,0.83,2024-06-03
QX-BWS-280,AV-98451,0.71,2024-08-03
QX-PRO-281,AV-98458,0.71,2024-09-15
QX-PET-283,AV-98465,0.63,2025-07-15
QX-TIN-287,AV-98472,0.81,2024-11-23
QX-DRK-288,AV-98465,0.85,2025-03-09
QX-HBC-289,AV-98479,0.74,2024-12-30
QX-BWS-290,AV-98486,0.66,2026-01-15
QX-DRY-291,AV-98493,0.71,2024-12-14
QX-HBC-292,AV-98500,0.84,2025-01-01
QX-PRO-293,AV-98507,0.92,2026-02-23
QX-BAK-295,AV-98514,0.69,2025-01-13
QX-DRK-296,AV-98521,0.68,2025-04-08
QX-CER-297,AV-98528,0.98,2025-10-08
QX-PRO-298,AV-98521,0.78,2025-06-13
QX-PRO-299,AV-98535,0.92,2025-11-17
QX-CER-300,AV-98542,0.82,2025-10-29
QX-DRK-302,AV-98549,0.64,2025-10-28
QX-BWS-303,AV-98556,0.98,2025-04-05
QX-FRZ-308,AV-98563,0.76,2024-05-19
QX-BWS-309,AV-98570,0.71,2025-04-01
QX-CER-310,AV-98577,0.73,2024-07-13
QX-BAK-311,AV-98584,0.77,2025-11-11
QX-HHD-313,AV-98591,0.80,2025-07-08
QX-HBC-314,AV-98598,0.89,2024-09-05
QX-CER-315,AV-98591,0.98,2024-07-06
QX-CER-318,AV-98605,0.63,2024-10-03
QX-DRK-319,AV-98612,0.63,2026-02-12
QX-PET-320,AV-98619,0.98,2025-05-22
QX-FRZ-321,AV-98626,0.88,2024-11-03
QX-DRK-322,AV-98633,0.99,2025-01-11
QX-PRO-323,AV-98640,0.92,2025-07-19
QX-PRO-324,AV-98647,0.95,2025-04-03
QX-BWS-326,AV-98654,0.93,2024-06-11
QX-CHL-327,AV-98661,0.86,2024-08-17
QX-PRO-329,AV-98668,0.64,2025-02-22
QX-TIN-330,AV-98675,0.76,2025-02-07
QX-DRY-331,AV-98682,0.64,2024-06-12
QX-FRZ-332,AV-98689,1.00,2025-08-05
QX-CER-333,AV-98696,0.78,2026-01-09
QX-BWS-334,AV-98703,0.74,2024-05-20
QX-DRK-335,AV-98710,0.75,2025-03-20
QX-HBC-336,AV-98717,0.96,2024-07-10
QX-HHD-337,AV-98724,0.68,2024-11-24
QX-BWS-338,AV-98731,0.97,2026-01-26
QX-BAK-339,AV-98738,0.68,2025-07-25
QX-CER-342,AV-98745,0.91,2025-10-22
QX-DRK-343,AV-98738,0.82,2024-06-04
QX-BAK-344,AV-98752,0.74,2024-08-25
QX-TIN-345,AV-98759,0.91,2024-09-06
QX-BAK-346,AV-98766,0.63,2025-08-18
QX-BWS-347,AV-98773,0.92,2024-12-04
QX-HBC-348,AV-98780,0.82,2024-12-30
QX-HBC-349,AV-98787,0.76,2025-06-14
QX-DRY-351,AV-98794,0.69,2024-06-19
QX-BAK-354,AV-98801,0.83,2025-06-08
QX-CHL-357,AV-98808,0.70,2025-03-24
QX-TIN-358,AV-98815,0.88,2024-05-23
QX-DRK-359,AV-98822,0.62,2025-07-17
QX-HBC-360,AV-98829,0.92,2024-08-15
QX-DRY-361,AV-98836,0.85,2025-08-05
QX-FRZ-362,AV-98843,0.67,2025-06-30
QX-HHD-363,AV-98850,0.71,2025-11-29
QX-HBC-364,AV-98857,0.88,2026-01-18
QX-CHL-365,AV-98864,0.97,2024-05-20
QX-TIN-366,AV-98871,1.00,2024-12-06
QX-BAK-368,AV-98878,0.74,2025-08-07
QX-BWS-369,AV-98885,0.84,2025-09-22
QX-HBC-370,AV-98892,0.86,2025-04-21
QX-DRY-371,AV-98899,0.82,2024-07-25
QX-BWS-373,AV-98906,0.77,2025-10-13
QX-DRK-374,AV-98913,0.83,2025-08-18
QX-DRK-376,AV-98920,0.74,2025-12-21
QX-HHD-377,AV-98927,0.74,2024-12-27
QX-DRY-379,AV-98920,0.95,2025-08-12
QX-PET-380,AV-98934,0.75,2025-05-09
QX-BWS-381,AV-98941,0.75,2026-02-04
QX-CHL-382,AV-98948,0.75,2025-07-11
QX-HHD-383,AV-98955,0.64,2025-01-30
QX-CER-384,AV-98962,0.74,2024-11-24
QX-CER-385,AV-98969,0.80,2024-11-12
QX-BAK-387,AV-98976,0.69,2024-10-23
QX-PET-389,AV-98983,0.65,2025-01-13
QX-DRY-391,AV-98990,0.75,2025-06-16
QX-CER-392,AV-98983,0.64,2024-06-11
QX-FRZ-393,AV-98997,0.90,2024-09-01
QX-DRY-394,AV-99004,0.63,2024-12-16
QX-CHL-396,AV-99011,0.71,2024-06-20
QX-BWS-397,AV-99018,0.67,2024-09-13
QX-TIN-398,AV-99025,0.90,2024-12-29
QX-DRK-399,AV-99032,0.82,2024-07-20
QX-HHD-400,AV-99039,0.93,2024-05-05
QX-DRK-401,AV-99046,0.88,2024-10-17
QX-DRY-402,AV-99053,0.92,2025-10-30
QX-DRK-403,AV-99060,0.66,2024-11-10
QX-HHD-404,AV-99067,0.85,2025-01-19
QX-HHD-405,AV-99074,0.77,2024-11-07
QX-TIN-408,AV-99081,0.64,2025-06-24
QX-HBC-410,AV-99088,0.69,2024-10-28
QX-DRY-411,AV-99095,0.99,2024-09-15
QX-HBC-413,AV-99102,0.64,2024-05-14
QX-CER-414,AV-99109,0.78,2025-12-18
QX-BWS-415,AV-99116,0.91,2024-10-14
QX-FRZ-418,AV-99123,0.92,2026-02-06
QX-BAK-422,AV-99130,0.72,2024-06-04
QX-BWS-423,AV-99123,0.95,2025-11-11
QX-HHD-427,AV-99137,0.67,2025-05-13
QX-BAK-429,AV-99144,0.94,2026-02-20
QX-PET-430,AV-99151,0.66,2025-10-20
QX-BAK-431,AV-99158,0.97,2024-05-30
QX-CHL-432,AV-99165,0.70,2025-06-25
QX-PET-434,AV-99172,0.73,2026-02-19
QX-BAK-435,AV-99179,0.81,2024-12-22
QX-TIN-436,AV-99186,0.71,2024-07-24
QX-FRZ-437,AV-99193,0.68,2024-09-22
QX-CER-438,AV-99200,0.93,2024-09-17
QX-TIN-439,AV-99207,0.94,2024-12-10
QX-CHL-442,AV-99214,0.80,2024-11-26
QX-DRY-443,AV-99221,1.00,2025-08-01
QX-DRY-444,AV-99228,0.76,2025-07-09
QX-FRZ-445,AV-99235,0.66,2024-10-04
QX-DRK-446,AV-99242,0.83,2025-06-28
QX-CHL-449,AV-99249,0.83,2024-12-03
QX-DRY-451,AV-99256,0.90,2024-12-12
QX-PET-452,AV-99263,0.73,2024-05-13
QX-CER-453,AV-99270,0.89,2025-10-19
QX-HHD-455,AV-99277,0.87,2024-10-25
QX-CHL-456,AV-99284,0.97,2025-12-10
QX-HBC-457,AV-99291,0.67,2024-08-15
QX-HHD-458,AV-99298,0.81,2025-12-29
QX-DRY-459,AV-99305,0.85,2024-07-15
QX-BWS-460,AV-99312,0.63,2025-02-04
QX-HBC-462,AV-99319,0.98,2025-04-18
QX-FRZ-463,AV-99326,0.76,2025-11-10
QX-TIN-464,AV-99333,0.71,2024-09-17
QX-TIN-465,AV-99340,0.74,2025-12-03
