return_id,sale_id,branch_id,returned_at,reason,refund_total
RET-000001,S-100459,B-17,2026-05-02T10:45:37Z,wrong item,13.33
RET-000002,S-100358,B-17,2026-05-02T13:42:22Z,expired,3.53
RET-000003,S-100351,B-17,2026-05-02T10:02:53Z,damaged,9.33
RET-000004,S-100269,B-17,2026-05-02T17:25:40Z,wrong item,110.16
RET-000005,S-100319,B-17,2026-05-02T14:04:47Z,wrong item,50.12
RET-000006,S-100291,B-17,2026-05-02T10:29:39Z,damaged,2.78
RET-000007,S-100372,B-17,2026-05-02T15:33:01Z,unwanted,15.66
RET-000008,S-100395,B-17,2026-05-02T16:13:10Z,damaged,59.65
RET-000009,S-100455,B-17,2026-05-02T12:28:45Z,faulty,29.25
RET-000010,S-100508,B-17,2026-05-02T15:46:08Z,faulty,32.60
RET-000011,S-100414,B-17,2026-05-02T14:06:09Z,damaged,14.11
RET-000012,S-100802,B-08,2026-05-02T15:44:39Z,wrong item,5.28
RET-000013,S-100823,B-08,2026-05-02T18:21:35Z,faulty,82.07
RET-000014,S-100843,B-08,2026-05-02T15:38:31Z,damaged,3.72
RET-000015,S-100824,B-08,2026-05-02T10:53:51Z,damaged,52.25
RET-000016,S-100945,B-08,2026-05-02T12:12:30Z,damaged,33.34
RET-000017,S-100918,B-08,2026-05-02T11:54:53Z,wrong item,23.13
RET-000018,S-100714,B-08,2026-05-02T09:09:53Z,faulty,65.10
RET-000019,S-100826,B-08,2026-05-02T11:38:42Z,faulty,22.11
RET-000020,S-101111,B-09,2026-05-02T14:32:31Z,damaged,75.72
RET-000021,S-101117,B-09,2026-05-02T12:58:25Z,damaged,3.86
RET-000022,S-101158,B-09,2026-05-02T15:59:46Z,expired,8.76
RET-000023,S-101056,B-09,2026-05-02T14:13:01Z,damaged,11.74
RET-000024,S-101276,B-04,2026-05-02T10:19:12Z,wrong item,28.01
RET-000025,S-101277,B-04,2026-05-02T11:35:22Z,expired,53.10
RET-000026,S-101272,B-04,2026-05-02T17:45:05Z,unwanted,1.97
RET-000027,S-101378,B-02,2026-05-02T15:11:20Z,faulty,16.84
RET-000028,S-101346,B-02,2026-05-02T18:11:29Z,damaged,5.76
RET-000029,S-101419,B-01,2026-05-02T14:20:06Z,unwanted,31.18
RET-000030,S-102042,B-17,2026-05-03T16:01:10Z,unwanted,12.22
RET-000031,S-102136,B-17,2026-05-03T13:35:41Z,expired,4.76
RET-000032,S-102296,B-17,2026-05-03T18:06:23Z,unwanted,34.65
RET-000033,S-102138,B-17,2026-05-03T11:17:17Z,wrong item,1.70
RET-000034,S-102276,B-17,2026-05-03T17:04:06Z,unwanted,26.66
RET-000035,S-102127,B-17,2026-05-03T18:02:18Z,expired,27.10
RET-000036,S-102278,B-17,2026-05-03T15:16:39Z,damaged,17.09
RET-000037,S-102135,B-17,2026-05-03T16:25:22Z,faulty,4.63
RET-000038,S-102183,B-17,2026-05-03T12:07:31Z,damaged,19.87
RET-000039,S-102055,B-17,2026-05-03T13:26:20Z,wrong item,58.14
RET-000040,S-102132,B-17,2026-05-03T17:54:20Z,wrong item,27.65
RET-000041,S-102849,B-08,2026-05-03T12:21:42Z,wrong item,25.08
RET-000042,S-102721,B-08,2026-05-03T13:12:31Z,wrong item,43.45
RET-000043,S-102801,B-08,2026-05-03T12:59:00Z,damaged,4.12
RET-000044,S-102707,B-08,2026-05-03T10:06:40Z,unwanted,13.10
RET-000045,S-102872,B-08,2026-05-03T15:21:10Z,wrong item,2.07
RET-000046,S-102636,B-08,2026-05-03T13:05:34Z,wrong item,3.79
RET-000047,S-102903,B-08,2026-05-03T15:16:07Z,damaged,97.07
RET-000048,S-102655,B-08,2026-05-03T15:08:46Z,faulty,4.67
RET-000049,S-103232,B-09,2026-05-03T18:55:58Z,faulty,30.61
RET-000050,S-103228,B-09,2026-05-03T10:58:51Z,faulty,20.80
RET-000051,S-103089,B-09,2026-05-03T09:23:05Z,expired,27.75
RET-000052,S-103088,B-09,2026-05-03T10:41:23Z,wrong item,7.49
RET-000053,S-103290,B-04,2026-05-03T11:35:18Z,faulty,12.14
RET-000054,S-103466,B-04,2026-05-03T14:07:04Z,damaged,89.49
RET-000055,S-103335,B-04,2026-05-03T09:35:31Z,unwanted,4.16
RET-000056,S-103571,B-02,2026-05-03T16:17:14Z,faulty,31.70
RET-000057,S-103518,B-02,2026-05-03T18:18:03Z,damaged,8.94
RET-000058,S-103623,B-01,2026-05-03T14:01:59Z,damaged,2.16
RET-000059,S-104421,B-17,2026-05-04T16:06:40Z,wrong item,63.19
RET-000060,S-104540,B-17,2026-05-04T17:10:46Z,damaged,3.00
RET-000061,S-104434,B-17,2026-05-04T09:19:42Z,faulty,5.48
RET-000062,S-104503,B-17,2026-05-04T13:44:39Z,wrong item,23.54
RET-000063,S-104281,B-17,2026-05-04T14:20:33Z,faulty,61.98
RET-000064,S-104435,B-17,2026-05-04T10:18:33Z,expired,8.28
RET-000065,S-104424,B-17,2026-05-04T12:54:44Z,wrong item,2.18
RET-000066,S-104890,B-08,2026-05-04T17:04:00Z,faulty,2.70
RET-000067,S-105128,B-08,2026-05-04T17:15:42Z,expired,39.32
RET-000068,S-104881,B-08,2026-05-04T13:09:56Z,wrong item,86.75
RET-000069,S-105070,B-08,2026-05-04T17:17:50Z,unwanted,5.82
RET-000070,S-104928,B-08,2026-05-04T13:15:29Z,expired,25.07
RET-000071,S-105256,B-09,2026-05-04T13:05:49Z,expired,11.99
RET-000072,S-105268,B-09,2026-05-04T12:04:51Z,damaged,26.82
RET-000073,S-105464,B-09,2026-05-04T11:28:41Z,unwanted,126.65
RET-000074,S-105613,B-04,2026-05-04T12:52:02Z,unwanted,11.56
RET-000075,S-105693,B-04,2026-05-04T16:18:09Z,unwanted,86.33
RET-000076,S-101350,B-02,2026-05-04T11:00:43Z,damaged,107.01
RET-000077,S-101395,B-01,2026-05-04T15:31:49Z,unwanted,12.17
RET-000078,S-106341,B-17,2026-05-05T18:49:36Z,wrong item,16.35
RET-000079,S-106224,B-17,2026-05-05T17:58:42Z,unwanted,9.90
RET-000080,S-106472,B-17,2026-05-05T09:21:22Z,faulty,51.86
RET-000081,S-106342,B-17,2026-05-05T18:01:16Z,faulty,11.79
RET-000082,S-106333,B-17,2026-05-05T09:52:43Z,faulty,26.61
RET-000083,S-106359,B-17,2026-05-05T13:12:13Z,wrong item,56.14
RET-000084,S-106242,B-17,2026-05-05T16:39:12Z,expired,34.06
RET-000085,S-106634,B-08,2026-05-05T10:27:35Z,expired,124.91
RET-000086,S-106836,B-08,2026-05-05T09:55:09Z,faulty,4.74
RET-000087,S-106638,B-08,2026-05-05T18:16:27Z,expired,15.13
RET-000088,S-106821,B-08,2026-05-05T12:42:27Z,faulty,33.32
RET-000089,S-106591,B-08,2026-05-05T13:32:07Z,unwanted,24.70
RET-000090,S-107025,B-09,2026-05-05T10:03:11Z,damaged,49.60
RET-000091,S-106914,B-09,2026-05-05T12:50:14Z,unwanted,5.62
RET-000092,S-107030,B-09,2026-05-05T12:05:26Z,wrong item,11.40
RET-000093,S-107213,B-04,2026-05-05T14:50:42Z,expired,37.72
RET-000094,S-107193,B-04,2026-05-05T12:30:39Z,faulty,58.19
RET-000095,S-103552,B-02,2026-05-05T13:28:28Z,unwanted,4.20
RET-000096,S-105897,B-01,2026-05-05T12:02:01Z,expired,2.34
RET-000097,S-107820,B-17,2026-05-06T11:49:50Z,faulty,8.54
RET-000098,S-107661,B-17,2026-05-06T16:25:51Z,faulty,45.26
RET-000099,S-107713,B-17,2026-05-06T12:14:02Z,wrong item,13.16
RET-000100,S-107629,B-17,2026-05-06T18:20:17Z,unwanted,98.54
RET-000101,S-107742,B-17,2026-05-06T12:27:42Z,faulty,4.41
RET-000102,S-107810,B-17,2026-05-06T16:19:27Z,unwanted,2.60
RET-000103,S-107665,B-17,2026-05-06T14:43:21Z,expired,7.16
RET-000104,S-108199,B-08,2026-05-06T16:27:58Z,faulty,15.94
RET-000105,S-108262,B-08,2026-05-06T14:52:52Z,unwanted,13.64
RET-000106,S-108239,B-08,2026-05-06T15:43:54Z,damaged,13.34
RET-000107,S-108201,B-08,2026-05-06T18:14:43Z,expired,25.10
RET-000108,S-108213,B-08,2026-05-06T11:21:51Z,faulty,8.89
RET-000109,S-107051,B-09,2026-05-06T13:11:55Z,faulty,17.36
RET-000110,S-107062,B-09,2026-05-06T16:03:34Z,faulty,14.27
RET-000111,S-107027,B-09,2026-05-06T10:37:45Z,unwanted,11.02
RET-000112,S-105699,B-04,2026-05-06T10:54:09Z,expired,3.34
RET-000113,S-107122,B-04,2026-05-06T11:52:39Z,faulty,6.34
RET-000114,S-108662,B-02,2026-05-06T11:31:11Z,wrong item,4.19
RET-000115,S-103656,B-01,2026-05-06T17:00:21Z,damaged,37.01
RET-000116,S-109162,B-17,2026-05-07T17:02:58Z,damaged,3.12
RET-000117,S-109301,B-17,2026-05-07T09:29:36Z,expired,28.99
RET-000118,S-109296,B-17,2026-05-07T16:28:35Z,damaged,14.16
RET-000119,S-109229,B-17,2026-05-07T09:33:09Z,expired,4.30
RET-000120,S-109302,B-17,2026-05-07T15:06:24Z,unwanted,41.34
RET-000121,S-109136,B-17,2026-05-07T17:57:53Z,faulty,67.17
RET-000122,S-109286,B-17,2026-05-07T13:22:47Z,unwanted,13.66
RET-000123,S-109545,B-08,2026-05-07T09:29:03Z,unwanted,3.56
RET-000124,S-109599,B-08,2026-05-07T15:49:18Z,damaged,14.78
RET-000125,S-109629,B-08,2026-05-07T10:44:56Z,wrong item,2.42
RET-000126,S-109537,B-08,2026-05-07T18:30:32Z,damaged,1.18
RET-000127,S-109636,B-08,2026-05-07T16:38:15Z,faulty,16.98
RET-000128,S-109907,B-09,2026-05-07T18:56:31Z,faulty,4.69
RET-000129,S-108514,B-09,2026-05-07T09:22:42Z,damaged,38.35
RET-000130,S-108432,B-09,2026-05-07T14:07:14Z,damaged,88.36
RET-000131,S-108538,B-04,2026-05-07T15:37:30Z,faulty,15.54
RET-000132,S-108602,B-04,2026-05-07T10:19:46Z,unwanted,81.52
RET-000133,S-108703,B-02,2026-05-07T16:28:29Z,expired,72.10
RET-000134,S-105857,B-01,2026-05-07T09:18:59Z,expired,5.78
